0001|Two Sum|Easy|two-sum|array, hash-table|
0002|Add Two Numbers|Medium|add-two-numbers|linked-list, math, recursion|
0003|Longest Substring Without Repeating Characters|Medium|longest-substring-without-repeating-characters|hash-table, string, sliding-window|
0004|Median of Two Sorted Arrays|Hard|median-of-two-sorted-arrays|array, binary-search, divide-and-conquer|
0005|Longest Palindromic Substring|Medium|longest-palindromic-substring|two-pointers, string, dynamic-programming|
0006|Zigzag Conversion|Medium|zigzag-conversion|string|
0007|Reverse Integer|Medium|reverse-integer|math|
0008|String to Integer (atoi)|Medium|string-to-integer-atoi|string|
0009|Palindrome Number|Easy|palindrome-number|math|
0010|Regular Expression Matching|Hard|regular-expression-matching|string, dynamic-programming, recursion|
0011|Container With Most Water|Medium|container-with-most-water|array, two-pointers, greedy|
0012|Integer to Roman|Medium|integer-to-roman|hash-table, math, string|
0013|Roman to Integer|Easy|roman-to-integer|hash-table, math, string|
0014|Longest Common Prefix|Easy|longest-common-prefix|array, string, trie|
0015|3Sum|Medium|3sum|array, two-pointers, sorting|
0016|3Sum Closest|Medium|3sum-closest|array, two-pointers, sorting|
0017|Letter Combinations of a Phone Number|Medium|letter-combinations-of-a-phone-number|hash-table, string, backtracking|
0018|4Sum|Medium|4sum|array, two-pointers, sorting|
0019|Remove Nth Node From End of List|Medium|remove-nth-node-from-end-of-list|linked-list, two-pointers|
0020|Valid Parentheses|Easy|valid-parentheses|string, stack|
0021|Merge Two Sorted Lists|Easy|merge-two-sorted-lists|linked-list, recursion|
0022|Generate Parentheses|Medium|generate-parentheses|string, dynamic-programming, backtracking|
0023|Merge k Sorted Lists|Hard|merge-k-sorted-lists|linked-list, divide-and-conquer, heap-priority-queue, merge-sort|
0024|Swap Nodes in Pairs|Medium|swap-nodes-in-pairs|linked-list, recursion|
0025|Reverse Nodes in k-Group|Hard|reverse-nodes-in-k-group|linked-list, recursion|
0026|Remove Duplicates from Sorted Array|Easy|remove-duplicates-from-sorted-array|array, two-pointers|
0027|Remove Element|Easy|remove-element|array, two-pointers|
0028|Find the Index of the First Occurrence in a String|Easy|find-the-index-of-the-first-occurrence-in-a-string|two-pointers, string, string-matching|
0029|Divide Two Integers|Medium|divide-two-integers|math, bit-manipulation|
0030|Substring with Concatenation of All Words|Hard|substring-with-concatenation-of-all-words|hash-table, string, sliding-window|
0031|Next Permutation|Medium|next-permutation|array, two-pointers|
0032|Longest Valid Parentheses|Hard|longest-valid-parentheses|string, dynamic-programming, stack|
0033|Search in Rotated Sorted Array|Medium|search-in-rotated-sorted-array|array, binary-search|
0034|Find First and Last Position of Element in Sorted Array|Medium|find-first-and-last-position-of-element-in-sorted-array|array, binary-search|
0035|Search Insert Position|Easy|search-insert-position|array, binary-search|
0036|Valid Sudoku|Medium|valid-sudoku|array, hash-table, matrix|
0037|Sudoku Solver|Hard|sudoku-solver|array, hash-table, backtracking, matrix|
0038|Count and Say|Medium|count-and-say|string|
0039|Combination Sum|Medium|combination-sum|array, backtracking|
0040|Combination Sum II|Medium|combination-sum-ii|array, backtracking|
0041|First Missing Positive|Hard|first-missing-positive|array, hash-table|
0042|Trapping Rain Water|Hard|trapping-rain-water|array, two-pointers, dynamic-programming, stack, monotonic-stack|
0043|Multiply Strings|Medium|multiply-strings|math, string, simulation|
0044|Wildcard Matching|Hard|wildcard-matching|string, dynamic-programming, greedy, recursion|
0045|Jump Game II|Medium|jump-game-ii|array, dynamic-programming, greedy|
0046|Permutations|Medium|permutations|array, backtracking|
0047|Permutations II|Medium|permutations-ii|array, backtracking, sorting|
0048|Rotate Image|Medium|rotate-image|array, math, matrix|
0049|Group Anagrams|Medium|group-anagrams|array, hash-table, string, sorting|
0050|Pow(x, n)|Medium|powx-n|math, recursion|
0051|N-Queens|Hard|n-queens|array, backtracking|
0052|N-Queens II|Hard|n-queens-ii|backtracking|
0053|Maximum Subarray|Medium|maximum-subarray|array, divide-and-conquer, dynamic-programming|
0054|Spiral Matrix|Medium|spiral-matrix|array, matrix, simulation|
0055|Jump Game|Medium|jump-game|array, dynamic-programming, greedy|
0056|Merge Intervals|Medium|merge-intervals|array, sorting|
0057|Insert Interval|Medium|insert-interval|array|
0058|Length of Last Word|Easy|length-of-last-word|string|
0059|Spiral Matrix II|Medium|spiral-matrix-ii|array, matrix, simulation|
0060|Permutation Sequence|Hard|permutation-sequence|math, recursion|
0061|Rotate List|Medium|rotate-list|linked-list, two-pointers|
0062|Unique Paths|Medium|unique-paths|math, dynamic-programming, combinatorics|
0063|Unique Paths II|Medium|unique-paths-ii|array, dynamic-programming, matrix|
0064|Minimum Path Sum|Medium|minimum-path-sum|array, dynamic-programming, matrix|
0065|Valid Number|Hard|valid-number|string|
0066|Plus One|Easy|plus-one|array, math|
0067|Add Binary|Easy|add-binary|math, string, bit-manipulation, simulation|
0068|Text Justification|Hard|text-justification|array, string, simulation|
0069|Sqrt(x)|Easy|sqrtx|math, binary-search|
0070|Climbing Stairs|Easy|climbing-stairs|math, dynamic-programming, memoization|
0071|Simplify Path|Medium|simplify-path|string, stack|
0072|Edit Distance|Medium|edit-distance|string, dynamic-programming|
0073|Set Matrix Zeroes|Medium|set-matrix-zeroes|array, hash-table, matrix|
0074|Search a 2D Matrix|Medium|search-a-2d-matrix|array, binary-search, matrix|
0075|Sort Colors|Medium|sort-colors|array, two-pointers, sorting|
0076|Minimum Window Substring|Hard|minimum-window-substring|hash-table, string, sliding-window|
0077|Combinations|Medium|combinations|backtracking|
0078|Subsets|Medium|subsets|array, backtracking, bit-manipulation|
0079|Word Search|Medium|word-search|array, string, backtracking, depthfirst-search, matrix|
0080|Remove Duplicates from Sorted Array II|Medium|remove-duplicates-from-sorted-array-ii|array, two-pointers|
0081|Search in Rotated Sorted Array II|Medium|search-in-rotated-sorted-array-ii|array, binary-search|
0082|Remove Duplicates from Sorted List II|Medium|remove-duplicates-from-sorted-list-ii|linked-list, two-pointers|
0083|Remove Duplicates from Sorted List|Easy|remove-duplicates-from-sorted-list|linked-list|
0084|Largest Rectangle in Histogram|Hard|largest-rectangle-in-histogram|array, stack, monotonic-stack|
0085|Maximal Rectangle|Hard|maximal-rectangle|array, dynamic-programming, stack, matrix, monotonic-stack|
0086|Partition List|Medium|partition-list|linked-list, two-pointers|
0087|Scramble String|Hard|scramble-string|string, dynamic-programming|
0088|Merge Sorted Array|Easy|merge-sorted-array|array, two-pointers, sorting|
0089|Gray Code|Medium|gray-code|math, backtracking, bit-manipulation|
0090|Subsets II|Medium|subsets-ii|array, backtracking, bit-manipulation|
0091|Decode Ways|Medium|decode-ways|string, dynamic-programming|
0092|Reverse Linked List II|Medium|reverse-linked-list-ii|linked-list|
0093|Restore IP Addresses|Medium|restore-ip-addresses|string, backtracking|
0094|Binary Tree Inorder Traversal|Easy|binary-tree-inorder-traversal|stack, tree, depthfirst-search, binary-tree|
0095|Unique Binary Search Trees II|Medium|unique-binary-search-trees-ii|dynamic-programming, backtracking, tree, binary-search-tree, binary-tree|
0096|Unique Binary Search Trees|Medium|unique-binary-search-trees|math, dynamic-programming, tree, binary-search-tree, binary-tree|
0097|Interleaving String|Medium|interleaving-string|string, dynamic-programming|
0098|Validate Binary Search Tree|Medium|validate-binary-search-tree|tree, depthfirst-search, binary-search-tree, binary-tree|
0099|Recover Binary Search Tree|Medium|recover-binary-search-tree|tree, depthfirst-search, binary-search-tree, binary-tree|
0100|Same Tree|Easy|same-tree|tree, depthfirst-search, breadthfirst-search, binary-tree|
0101|Symmetric Tree|Easy|symmetric-tree|tree, depthfirst-search, breadthfirst-search, binary-tree|
0102|Binary Tree Level Order Traversal|Medium|binary-tree-level-order-traversal|tree, breadthfirst-search, binary-tree|
0103|Binary Tree Zigzag Level Order Traversal|Medium|binary-tree-zigzag-level-order-traversal|tree, breadthfirst-search, binary-tree|
0104|Maximum Depth of Binary Tree|Easy|maximum-depth-of-binary-tree|tree, depthfirst-search, breadthfirst-search, binary-tree|
0105|Construct Binary Tree from Preorder and Inorder Traversal|Medium|construct-binary-tree-from-preorder-and-inorder-traversal|array, hash-table, divide-and-conquer, tree, binary-tree|
0106|Construct Binary Tree from Inorder and Postorder Traversal|Medium|construct-binary-tree-from-inorder-and-postorder-traversal|array, hash-table, divide-and-conquer, tree, binary-tree|
0107|Binary Tree Level Order Traversal II|Medium|binary-tree-level-order-traversal-ii|tree, breadthfirst-search, binary-tree|
0108|Convert Sorted Array to Binary Search Tree|Easy|convert-sorted-array-to-binary-search-tree|array, divide-and-conquer, tree, binary-search-tree, binary-tree|
0109|Convert Sorted List to Binary Search Tree|Medium|convert-sorted-list-to-binary-search-tree|linked-list, divide-and-conquer, tree, binary-search-tree, binary-tree|
0110|Balanced Binary Tree|Easy|balanced-binary-tree|tree, depthfirst-search, binary-tree|
0111|Minimum Depth of Binary Tree|Easy|minimum-depth-of-binary-tree|tree, depthfirst-search, breadthfirst-search, binary-tree|
0112|Path Sum|Easy|path-sum|tree, depthfirst-search, breadthfirst-search, binary-tree|
0113|Path Sum II|Medium|path-sum-ii|backtracking, tree, depthfirst-search, binary-tree|
0114|Flatten Binary Tree to Linked List|Medium|flatten-binary-tree-to-linked-list|linked-list, stack, tree, depthfirst-search, binary-tree|
0115|Distinct Subsequences|Hard|distinct-subsequences|string, dynamic-programming|
0116|Populating Next Right Pointers in Each Node|Medium|populating-next-right-pointers-in-each-node|linked-list, tree, depthfirst-search, breadthfirst-search, binary-tree|
0117|Populating Next Right Pointers in Each Node II|Medium|populating-next-right-pointers-in-each-node-ii|linked-list, tree, depthfirst-search, breadthfirst-search, binary-tree|
0118|Pascal's Triangle|Easy|pascals-triangle|array, dynamic-programming|
0119|Pascal's Triangle II|Easy|pascals-triangle-ii|array, dynamic-programming|
0120|Triangle|Medium|triangle|array, dynamic-programming|
0121|Best Time to Buy and Sell Stock|Easy|best-time-to-buy-and-sell-stock|array, dynamic-programming|
0122|Best Time to Buy and Sell Stock II|Medium|best-time-to-buy-and-sell-stock-ii|array, dynamic-programming, greedy|
0123|Best Time to Buy and Sell Stock III|Hard|best-time-to-buy-and-sell-stock-iii|array, dynamic-programming|
0124|Binary Tree Maximum Path Sum|Hard|binary-tree-maximum-path-sum|dynamic-programming, tree, depthfirst-search, binary-tree|
0125|Valid Palindrome|Easy|valid-palindrome|two-pointers, string|
0126|Word Ladder II|Hard|word-ladder-ii|hash-table, string, backtracking, breadthfirst-search|
0127|Word Ladder|Hard|word-ladder|hash-table, string, breadthfirst-search|
0128|Longest Consecutive Sequence|Medium|longest-consecutive-sequence|array, hash-table, union-find|
0129|Sum Root to Leaf Numbers|Medium|sum-root-to-leaf-numbers|tree, depthfirst-search, binary-tree|
0130|Surrounded Regions|Medium|surrounded-regions|array, depthfirst-search, breadthfirst-search, union-find, matrix|
0131|Palindrome Partitioning|Medium|palindrome-partitioning|string, dynamic-programming, backtracking|
0132|Palindrome Partitioning II|Hard|palindrome-partitioning-ii|string, dynamic-programming|
0133|Clone Graph|Medium|clone-graph|hash-table, depthfirst-search, breadthfirst-search, graph|
0134|Gas Station|Medium|gas-station|array, greedy|
0135|Candy|Hard|candy|array, greedy|
0136|Single Number|Easy|single-number|array, bit-manipulation|
0137|Single Number II|Medium|single-number-ii|array, bit-manipulation|
0138|Copy List with Random Pointer|Medium|copy-list-with-random-pointer|hash-table, linked-list|
0139|Word Break|Medium|word-break|array, hash-table, string, dynamic-programming, trie, memoization|
0140|Word Break II|Hard|word-break-ii|array, hash-table, string, dynamic-programming, backtracking, trie, memoization|
0141|Linked List Cycle|Easy|linked-list-cycle|hash-table, linked-list, two-pointers|
0142|Linked List Cycle II|Medium|linked-list-cycle-ii|hash-table, linked-list, two-pointers|
0143|Reorder List|Medium|reorder-list|linked-list, two-pointers, stack, recursion|
0144|Binary Tree Preorder Traversal|Easy|binary-tree-preorder-traversal|stack, tree, depthfirst-search, binary-tree|
0145|Binary Tree Postorder Traversal|Easy|binary-tree-postorder-traversal|stack, tree, depthfirst-search, binary-tree|
0146|LRU Cache|Medium|lru-cache|hash-table, linked-list, design, doublylinked-list|
0147|Insertion Sort List|Medium|insertion-sort-list|linked-list, sorting|
0148|Sort List|Medium|sort-list|linked-list, two-pointers, divide-and-conquer, sorting, merge-sort|
0149|Max Points on a Line|Hard|max-points-on-a-line|array, hash-table, math, geometry|
0150|Evaluate Reverse Polish Notation|Medium|evaluate-reverse-polish-notation|array, math, stack|
0151|Reverse Words in a String|Medium|reverse-words-in-a-string|two-pointers, string|
0152|Maximum Product Subarray|Medium|maximum-product-subarray|array, dynamic-programming|
0153|Find Minimum in Rotated Sorted Array|Medium|find-minimum-in-rotated-sorted-array|array, binary-search|
0154|Find Minimum in Rotated Sorted Array II|Hard|find-minimum-in-rotated-sorted-array-ii|array, binary-search|
0155|Min Stack|Medium|min-stack|stack, design|
0160|Intersection of Two Linked Lists|Easy|intersection-of-two-linked-lists|hash-table, linked-list, two-pointers|
0162|Find Peak Element|Medium|find-peak-element|array, binary-search|
0164|Maximum Gap|Medium|maximum-gap|array, sorting, bucket-sort, radix-sort|
0165|Compare Version Numbers|Medium|compare-version-numbers|two-pointers, string|
0166|Fraction to Recurring Decimal|Medium|fraction-to-recurring-decimal|hash-table, math, string|
0167|Two Sum II - Input Array Is Sorted|Medium|two-sum-ii-input-array-is-sorted|array, two-pointers, binary-search|
0168|Excel Sheet Column Title|Easy|excel-sheet-column-title|math, string|
0169|Majority Element|Easy|majority-element|array, hash-table, divide-and-conquer, sorting, counting|
0171|Excel Sheet Column Number|Easy|excel-sheet-column-number|math, string|
0172|Factorial Trailing Zeroes|Medium|factorial-trailing-zeroes|math|
0173|Binary Search Tree Iterator|Medium|binary-search-tree-iterator|stack, tree, design, binary-search-tree, binary-tree, iterator|
0174|Dungeon Game|Hard|dungeon-game|array, dynamic-programming, matrix|
0175|Combine Two Tables|Easy|combine-two-tables|database|
0176|Second Highest Salary|Medium|second-highest-salary|database|
0177|Nth Highest Salary|Medium|nth-highest-salary|database|
0178|Rank Scores|Medium|rank-scores|database|
0179|Largest Number|Medium|largest-number|array, string, greedy, sorting|
0180|Consecutive Numbers|Medium|consecutive-numbers|database|
0181|Employees Earning More Than Their Managers|Easy|employees-earning-more-than-their-managers|database|
0182|Duplicate Emails|Easy|duplicate-emails|database|
0183|Customers Who Never Order|Easy|customers-who-never-order|database|
0184|Department Highest Salary|Medium|department-highest-salary|database|
0185|Department Top Three Salaries|Hard|department-top-three-salaries|database|
0187|Repeated DNA Sequences|Medium|repeated-dna-sequences|hash-table, string, bit-manipulation, sliding-window, rolling-hash, hash-function|
0188|Best Time to Buy and Sell Stock IV|Hard|best-time-to-buy-and-sell-stock-iv|array, dynamic-programming|
0189|Rotate Array|Medium|rotate-array|array, math, two-pointers|
0190|Reverse Bits|Easy|reverse-bits|divide-and-conquer, bit-manipulation|
0191|Number of 1 Bits|Easy|number-of-1-bits|divide-and-conquer, bit-manipulation|
0192|Word Frequency|Medium|word-frequency|shell|
0193|Valid Phone Numbers|Easy|valid-phone-numbers|shell|
0194|Transpose File|Medium|transpose-file|shell|
0195|Tenth Line|Easy|tenth-line|shell|
0196|Delete Duplicate Emails|Easy|delete-duplicate-emails|database|
0197|Rising Temperature|Easy|rising-temperature|database|
0198|House Robber|Medium|house-robber|array, dynamic-programming|
0199|Binary Tree Right Side View|Medium|binary-tree-right-side-view|tree, depthfirst-search, breadthfirst-search, binary-tree|
0200|Number of Islands|Medium|number-of-islands|array, depthfirst-search, breadthfirst-search, union-find, matrix|
0201|Bitwise AND of Numbers Range|Medium|bitwise-and-of-numbers-range|bit-manipulation|
0202|Happy Number|Easy|happy-number|hash-table, math, two-pointers|
0203|Remove Linked List Elements|Easy|remove-linked-list-elements|linked-list, recursion|
0204|Count Primes|Medium|count-primes|array, math, enumeration, number-theory|
0205|Isomorphic Strings|Easy|isomorphic-strings|hash-table, string|
0206|Reverse Linked List|Easy|reverse-linked-list|linked-list, recursion|
0207|Course Schedule|Medium|course-schedule|depthfirst-search, breadthfirst-search, graph, topological-sort|
0208|Implement Trie (Prefix Tree)|Medium|implement-trie-prefix-tree|hash-table, string, design, trie|
0209|Minimum Size Subarray Sum|Medium|minimum-size-subarray-sum|array, binary-search, sliding-window, prefix-sum|
0210|Course Schedule II|Medium|course-schedule-ii|depthfirst-search, breadthfirst-search, graph, topological-sort|
0211|Design Add and Search Words Data Structure|Medium|design-add-and-search-words-data-structure|string, depthfirst-search, design, trie|
0212|Word Search II|Hard|word-search-ii|array, string, backtracking, trie, matrix|
0213|House Robber II|Medium|house-robber-ii|array, dynamic-programming|
0214|Shortest Palindrome|Hard|shortest-palindrome|string, rolling-hash, string-matching, hash-function|
0215|Kth Largest Element in an Array|Medium|kth-largest-element-in-an-array|array, divide-and-conquer, sorting, heap-priority-queue, quickselect|
0216|Combination Sum III|Medium|combination-sum-iii|array, backtracking|
0217|Contains Duplicate|Easy|contains-duplicate|array, hash-table, sorting|
0218|The Skyline Problem|Hard|the-skyline-problem|array, divide-and-conquer, binary-indexed-tree, segment-tree, line-sweep, heap-priority-queue, ordered-set|
0219|Contains Duplicate II|Easy|contains-duplicate-ii|array, hash-table, sliding-window|
0220|Contains Duplicate III|Hard|contains-duplicate-iii|array, sliding-window, sorting, bucket-sort, ordered-set|
0221|Maximal Square|Medium|maximal-square|array, dynamic-programming, matrix|
0222|Count Complete Tree Nodes|Easy|count-complete-tree-nodes|binary-search, bit-manipulation, tree, binary-tree|
0223|Rectangle Area|Medium|rectangle-area|math, geometry|
0224|Basic Calculator|Hard|basic-calculator|math, string, stack, recursion|
0225|Implement Stack using Queues|Easy|implement-stack-using-queues|stack, design, queue|
0226|Invert Binary Tree|Easy|invert-binary-tree|tree, depthfirst-search, breadthfirst-search, binary-tree|
0227|Basic Calculator II|Medium|basic-calculator-ii|math, string, stack|
0228|Summary Ranges|Easy|summary-ranges|array|
0229|Majority Element II|Medium|majority-element-ii|array, hash-table, sorting, counting|
0230|Kth Smallest Element in a BST|Medium|kth-smallest-element-in-a-bst|tree, depthfirst-search, binary-search-tree, binary-tree|
0231|Power of Two|Easy|power-of-two|math, bit-manipulation, recursion|
0232|Implement Queue using Stacks|Easy|implement-queue-using-stacks|stack, design, queue|
0233|Number of Digit One|Hard|number-of-digit-one|math, dynamic-programming, recursion|
0234|Palindrome Linked List|Easy|palindrome-linked-list|linked-list, two-pointers, stack, recursion|
0235|Lowest Common Ancestor of a Binary Search Tree|Medium|lowest-common-ancestor-of-a-binary-search-tree|tree, depthfirst-search, binary-search-tree, binary-tree|
0236|Lowest Common Ancestor of a Binary Tree|Medium|lowest-common-ancestor-of-a-binary-tree|tree, depthfirst-search, binary-tree|
0237|Delete Node in a Linked List|Medium|delete-node-in-a-linked-list|linked-list|
0238|Product of Array Except Self|Medium|product-of-array-except-self|array, prefix-sum|
0239|Sliding Window Maximum|Hard|sliding-window-maximum|array, queue, sliding-window, heap-priority-queue, monotonic-queue|
0240|Search a 2D Matrix II|Medium|search-a-2d-matrix-ii|array, binary-search, divide-and-conquer, matrix|
0241|Different Ways to Add Parentheses|Medium|different-ways-to-add-parentheses|math, string, dynamic-programming, recursion, memoization|
0242|Valid Anagram|Easy|valid-anagram|hash-table, string, sorting|
0257|Binary Tree Paths|Easy|binary-tree-paths|string, backtracking, tree, depthfirst-search, binary-tree|
0258|Add Digits|Easy|add-digits|math, simulation, number-theory|
0260|Single Number III|Medium|single-number-iii|array, bit-manipulation|
0262|Trips and Users|Hard|trips-and-users|database|
0263|Ugly Number|Easy|ugly-number|math|
0264|Ugly Number II|Medium|ugly-number-ii|hash-table, math, dynamic-programming, heap-priority-queue|
0268|Missing Number|Easy|missing-number|array, hash-table, math, binary-search, bit-manipulation, sorting|
0273|Integer to English Words|Hard|integer-to-english-words|math, string, recursion|
0274|H-Index|Medium|h-index|array, sorting, counting-sort|
0275|H-Index II|Medium|h-index-ii|array, binary-search|
0278|First Bad Version|Easy|first-bad-version|binary-search, interactive|
0279|Perfect Squares|Medium|perfect-squares|math, dynamic-programming, breadthfirst-search|
0282|Expression Add Operators|Hard|expression-add-operators|math, string, backtracking|
0283|Move Zeroes|Easy|move-zeroes|array, two-pointers|
0284|Peeking Iterator|Medium|peeking-iterator|array, design, iterator|
0287|Find the Duplicate Number|Medium|find-the-duplicate-number|array, two-pointers, binary-search, bit-manipulation|
0289|Game of Life|Medium|game-of-life|array, matrix, simulation|
0290|Word Pattern|Easy|word-pattern|hash-table, string|
0292|Nim Game|Easy|nim-game|math, brainteaser, game-theory|
0295|Find Median from Data Stream|Hard|find-median-from-data-stream|two-pointers, design, sorting, heap-priority-queue, data-stream|
0297|Serialize and Deserialize Binary Tree|Hard|serialize-and-deserialize-binary-tree|string, tree, depthfirst-search, breadthfirst-search, design, binary-tree|
0299|Bulls and Cows|Medium|bulls-and-cows|hash-table, string, counting|
0300|Longest Increasing Subsequence|Medium|longest-increasing-subsequence|array, binary-search, dynamic-programming|
0301|Remove Invalid Parentheses|Hard|remove-invalid-parentheses|string, backtracking, breadthfirst-search|
0303|Range Sum Query - Immutable|Easy|range-sum-query-immutable|array, design, prefix-sum|
0304|Range Sum Query 2D - Immutable|Medium|range-sum-query-2d-immutable|array, design, matrix, prefix-sum|
0306|Additive Number|Medium|additive-number|string, backtracking|
0307|Range Sum Query - Mutable|Medium|range-sum-query-mutable|array, design, binary-indexed-tree, segment-tree|
0309|Best Time to Buy and Sell Stock with Cooldown|Medium|best-time-to-buy-and-sell-stock-with-cooldown|array, dynamic-programming|
0310|Minimum Height Trees|Medium|minimum-height-trees|depthfirst-search, breadthfirst-search, graph, topological-sort|
0312|Burst Balloons|Hard|burst-balloons|array, dynamic-programming|
0313|Super Ugly Number|Medium|super-ugly-number|array, math, dynamic-programming|
0315|Count of Smaller Numbers After Self|Hard|count-of-smaller-numbers-after-self|array, binary-search, divide-and-conquer, binary-indexed-tree, segment-tree, merge-sort, ordered-set|
0316|Remove Duplicate Letters|Medium|remove-duplicate-letters|string, stack, greedy, monotonic-stack|
0318|Maximum Product of Word Lengths|Medium|maximum-product-of-word-lengths|array, string, bit-manipulation|
0319|Bulb Switcher|Medium|bulb-switcher|math, brainteaser|
0321|Create Maximum Number|Hard|create-maximum-number|array, two-pointers, stack, greedy, monotonic-stack|
0322|Coin Change|Medium|coin-change|array, dynamic-programming, breadthfirst-search|
0324|Wiggle Sort II|Medium|wiggle-sort-ii|array, divide-and-conquer, greedy, sorting, quickselect|
0326|Power of Three|Easy|power-of-three|math, recursion|
0327|Count of Range Sum|Hard|count-of-range-sum|array, binary-search, divide-and-conquer, binary-indexed-tree, segment-tree, merge-sort, ordered-set|
0328|Odd Even Linked List|Medium|odd-even-linked-list|linked-list|
0329|Longest Increasing Path in a Matrix|Hard|longest-increasing-path-in-a-matrix|array, dynamic-programming, depthfirst-search, breadthfirst-search, graph, topological-sort, memoization, matrix|
0330|Patching Array|Hard|patching-array|array, greedy|
0331|Verify Preorder Serialization of a Binary Tree|Medium|verify-preorder-serialization-of-a-binary-tree|string, stack, tree, binary-tree|
0332|Reconstruct Itinerary|Hard|reconstruct-itinerary|depthfirst-search, graph, eulerian-circuit|
0334|Increasing Triplet Subsequence|Medium|increasing-triplet-subsequence|array, greedy|
0335|Self Crossing|Hard|self-crossing|array, math, geometry|
0336|Palindrome Pairs|Hard|palindrome-pairs|array, hash-table, string, trie|
0337|House Robber III|Medium|house-robber-iii|dynamic-programming, tree, depthfirst-search, binary-tree|
0338|Counting Bits|Easy|counting-bits|dynamic-programming, bit-manipulation|
0341|Flatten Nested List Iterator|Medium|flatten-nested-list-iterator|stack, tree, depthfirst-search, design, queue, iterator|
0342|Power of Four|Easy|power-of-four|math, bit-manipulation, recursion|
0343|Integer Break|Medium|integer-break|math, dynamic-programming|
0344|Reverse String|Easy|reverse-string|two-pointers, string|
0345|Reverse Vowels of a String|Easy|reverse-vowels-of-a-string|two-pointers, string|
0347|Top K Frequent Elements|Medium|top-k-frequent-elements|array, hash-table, divide-and-conquer, sorting, heap-priority-queue, bucket-sort, counting, quickselect|
0349|Intersection of Two Arrays|Easy|intersection-of-two-arrays|array, hash-table, two-pointers, binary-search, sorting|
0350|Intersection of Two Arrays II|Easy|intersection-of-two-arrays-ii|array, hash-table, two-pointers, binary-search, sorting|
0352|Data Stream as Disjoint Intervals|Hard|data-stream-as-disjoint-intervals|binary-search, design, ordered-set|
0354|Russian Doll Envelopes|Hard|russian-doll-envelopes|array, binary-search, dynamic-programming, sorting|
0355|Design Twitter|Medium|design-twitter|hash-table, linked-list, design, heap-priority-queue|
0357|Count Numbers with Unique Digits|Medium|count-numbers-with-unique-digits|math, dynamic-programming, backtracking|
0363|Max Sum of Rectangle No Larger Than K|Hard|max-sum-of-rectangle-no-larger-than-k|array, binary-search, matrix, prefix-sum, ordered-set|
0365|Water and Jug Problem|Medium|water-and-jug-problem|math, depthfirst-search, breadthfirst-search|
0367|Valid Perfect Square|Easy|valid-perfect-square|math, binary-search|
0368|Largest Divisible Subset|Medium|largest-divisible-subset|array, math, dynamic-programming, sorting|
0371|Sum of Two Integers|Medium|sum-of-two-integers|math, bit-manipulation|
0372|Super Pow|Medium|super-pow|math, divide-and-conquer|
0373|Find K Pairs with Smallest Sums|Medium|find-k-pairs-with-smallest-sums|array, heap-priority-queue|
0374|Guess Number Higher or Lower|Easy|guess-number-higher-or-lower|binary-search, interactive|
0375|Guess Number Higher or Lower II|Medium|guess-number-higher-or-lower-ii|math, dynamic-programming, game-theory|
0376|Wiggle Subsequence|Medium|wiggle-subsequence|array, dynamic-programming, greedy|
0377|Combination Sum IV|Medium|combination-sum-iv|array, dynamic-programming|
0378|Kth Smallest Element in a Sorted Matrix|Medium|kth-smallest-element-in-a-sorted-matrix|array, binary-search, sorting, heap-priority-queue, matrix|
0380|Insert Delete GetRandom O(1)|Medium|insert-delete-getrandom-o1|array, hash-table, math, design, randomized|
0381|Insert Delete GetRandom O(1) - Duplicates allowed|Hard|insert-delete-getrandom-o1-duplicates-allowed|array, hash-table, math, design, randomized|
0382|Linked List Random Node|Medium|linked-list-random-node|linked-list, math, reservoir-sampling, randomized|
0383|Ransom Note|Easy|ransom-note|hash-table, string, counting|
0384|Shuffle an Array|Medium|shuffle-an-array|array, math, design, randomized|
0385|Mini Parser|Medium|mini-parser|string, stack, depthfirst-search|
0386|Lexicographical Numbers|Medium|lexicographical-numbers|depthfirst-search, trie|
0387|First Unique Character in a String|Easy|first-unique-character-in-a-string|hash-table, string, queue, counting|
0388|Longest Absolute File Path|Medium|longest-absolute-file-path|string, stack, depthfirst-search|
0389|Find the Difference|Easy|find-the-difference|hash-table, string, bit-manipulation, sorting|
0390|Elimination Game|Medium|elimination-game|math, recursion|
0391|Perfect Rectangle|Hard|perfect-rectangle|array, hash-table, math, geometry, line-sweep|
0392|Is Subsequence|Easy|is-subsequence|two-pointers, string, dynamic-programming|
0393|UTF-8 Validation|Medium|utf-8-validation|array, bit-manipulation|
0394|Decode String|Medium|decode-string|string, stack, recursion|
0395|Longest Substring with At Least K Repeating Characters|Medium|longest-substring-with-at-least-k-repeating-characters|hash-table, string, divide-and-conquer, sliding-window|
0396|Rotate Function|Medium|rotate-function|array, math, dynamic-programming|
0397|Integer Replacement|Medium|integer-replacement|dynamic-programming, greedy, bit-manipulation, memoization|
0398|Random Pick Index|Medium|random-pick-index|hash-table, math, reservoir-sampling, randomized|
0399|Evaluate Division|Medium|evaluate-division|array, string, depthfirst-search, breadthfirst-search, union-find, graph, shortest-path|
0400|Nth Digit|Medium|nth-digit|math, binary-search|
0401|Binary Watch|Easy|binary-watch|backtracking, bit-manipulation|
0402|Remove K Digits|Medium|remove-k-digits|string, stack, greedy, monotonic-stack|
0403|Frog Jump|Hard|frog-jump|array, dynamic-programming|
0404|Sum of Left Leaves|Easy|sum-of-left-leaves|tree, depthfirst-search, breadthfirst-search, binary-tree|
0405|Convert a Number to Hexadecimal|Easy|convert-a-number-to-hexadecimal|math, string, bit-manipulation|
0406|Queue Reconstruction by Height|Medium|queue-reconstruction-by-height|array, binary-indexed-tree, segment-tree, sorting|
0407|Trapping Rain Water II|Hard|trapping-rain-water-ii|array, breadthfirst-search, heap-priority-queue, matrix|
0409|Longest Palindrome|Easy|longest-palindrome|hash-table, string, greedy|
0410|Split Array Largest Sum|Hard|split-array-largest-sum|array, binary-search, dynamic-programming, greedy, prefix-sum|
0412|Fizz Buzz|Easy|fizz-buzz|math, string, simulation|
0413|Arithmetic Slices|Medium|arithmetic-slices|array, dynamic-programming, sliding-window|
0414|Third Maximum Number|Easy|third-maximum-number|array, sorting|
0415|Add Strings|Easy|add-strings|math, string, simulation|
0416|Partition Equal Subset Sum|Medium|partition-equal-subset-sum|array, dynamic-programming|
0417|Pacific Atlantic Water Flow|Medium|pacific-atlantic-water-flow|array, depthfirst-search, breadthfirst-search, matrix|
0419|Battleships in a Board|Medium|battleships-in-a-board|array, depthfirst-search, matrix|
0420|Strong Password Checker|Hard|strong-password-checker|string, greedy, heap-priority-queue|
0421|Maximum XOR of Two Numbers in an Array|Medium|maximum-xor-of-two-numbers-in-an-array|array, hash-table, bit-manipulation, trie|
0423|Reconstruct Original Digits from English|Medium|reconstruct-original-digits-from-english|hash-table, math, string|
0424|Longest Repeating Character Replacement|Medium|longest-repeating-character-replacement|hash-table, string, sliding-window|
0427|Construct Quad Tree|Medium|construct-quad-tree|array, divide-and-conquer, tree, matrix|
0429|N-ary Tree Level Order Traversal|Medium|n-ary-tree-level-order-traversal|tree, breadthfirst-search|
0430|Flatten a Multilevel Doubly Linked List|Medium|flatten-a-multilevel-doubly-linked-list|linked-list, depthfirst-search, doublylinked-list|
0432|All O`one Data Structure|Hard|all-oone-data-structure|hash-table, linked-list, design, doublylinked-list|
0433|Minimum Genetic Mutation|Medium|minimum-genetic-mutation|hash-table, string, breadthfirst-search|
0434|Number of Segments in a String|Easy|number-of-segments-in-a-string|string|
0435|Non-overlapping Intervals|Medium|non-overlapping-intervals|array, dynamic-programming, greedy, sorting|
0437|Path Sum III|Medium|path-sum-iii|tree, depthfirst-search, binary-tree|
0438|Find All Anagrams in a String|Medium|find-all-anagrams-in-a-string|hash-table, string, sliding-window|
0440|K-th Smallest in Lexicographical Order|Hard|k-th-smallest-in-lexicographical-order|trie|
0441|Arranging Coins|Easy|arranging-coins|math, binary-search|
0442|Find All Duplicates in an Array|Medium|find-all-duplicates-in-an-array|array, hash-table|
0443|String Compression|Medium|string-compression|two-pointers, string|
0445|Add Two Numbers II|Medium|add-two-numbers-ii|linked-list, math, stack|
0446|Arithmetic Slices II - Subsequence|Hard|arithmetic-slices-ii-subsequence|array, dynamic-programming|
0447|Number of Boomerangs|Medium|number-of-boomerangs|array, hash-table, math|
0448|Find All Numbers Disappeared in an Array|Easy|find-all-numbers-disappeared-in-an-array|array, hash-table|
0449|Serialize and Deserialize BST|Medium|serialize-and-deserialize-bst|string, tree, depthfirst-search, breadthfirst-search, design, binary-search-tree, binary-tree|
0450|Delete Node in a BST|Medium|delete-node-in-a-bst|tree, binary-search-tree, binary-tree|
0451|Sort Characters By Frequency|Medium|sort-characters-by-frequency|hash-table, string, sorting, heap-priority-queue, bucket-sort, counting|
0452|Minimum Number of Arrows to Burst Balloons|Medium|minimum-number-of-arrows-to-burst-balloons|array, greedy, sorting|
0453|Minimum Moves to Equal Array Elements|Medium|minimum-moves-to-equal-array-elements|array, math|
0454|4Sum II|Medium|4sum-ii|array, hash-table|
0455|Assign Cookies|Easy|assign-cookies|array, two-pointers, greedy, sorting|
0456|132 Pattern|Medium|132-pattern|array, binary-search, stack, monotonic-stack, ordered-set|
0457|Circular Array Loop|Medium|circular-array-loop|array, hash-table, two-pointers|
0458|Poor Pigs|Hard|poor-pigs|math, dynamic-programming, combinatorics|
0459|Repeated Substring Pattern|Easy|repeated-substring-pattern|string, string-matching|
0460|LFU Cache|Hard|lfu-cache|hash-table, linked-list, design, doublylinked-list|
0461|Hamming Distance|Easy|hamming-distance|bit-manipulation|
0462|Minimum Moves to Equal Array Elements II|Medium|minimum-moves-to-equal-array-elements-ii|array, math, sorting|
0463|Island Perimeter|Easy|island-perimeter|array, depthfirst-search, breadthfirst-search, matrix|
0464|Can I Win|Medium|can-i-win|math, dynamic-programming, bit-manipulation, memoization, game-theory, bitmask|
0466|Count The Repetitions|Hard|count-the-repetitions|string, dynamic-programming|
0467|Unique Substrings in Wraparound String|Medium|unique-substrings-in-wraparound-string|string, dynamic-programming|
0468|Validate IP Address|Medium|validate-ip-address|string|
0470|Implement Rand10() Using Rand7()|Medium|implement-rand10-using-rand7|math, rejection-sampling, randomized, probability-and-statistics|
0472|Concatenated Words|Hard|concatenated-words|array, string, dynamic-programming, depthfirst-search, trie, sorting|
0473|Matchsticks to Square|Medium|matchsticks-to-square|array, dynamic-programming, backtracking, bit-manipulation, bitmask|
0474|Ones and Zeroes|Medium|ones-and-zeroes|array, string, dynamic-programming|
0475|Heaters|Medium|heaters|array, two-pointers, binary-search, sorting|
0476|Number Complement|Easy|number-complement|bit-manipulation|
0477|Total Hamming Distance|Medium|total-hamming-distance|array, math, bit-manipulation|
0478|Generate Random Point in a Circle|Medium|generate-random-point-in-a-circle|math, geometry, rejection-sampling, randomized|
0479|Largest Palindrome Product|Hard|largest-palindrome-product|math, enumeration|
0480|Sliding Window Median|Hard|sliding-window-median|array, hash-table, sliding-window, heap-priority-queue|
0481|Magical String|Medium|magical-string|two-pointers, string|
0482|License Key Formatting|Easy|license-key-formatting|string|
0483|Smallest Good Base|Hard|smallest-good-base|math, binary-search|
0485|Max Consecutive Ones|Easy|max-consecutive-ones|array|
0486|Predict the Winner|Medium|predict-the-winner|array, math, dynamic-programming, recursion, game-theory|
0488|Zuma Game|Hard|zuma-game|string, dynamic-programming, stack, breadthfirst-search, memoization|
0491|Non-decreasing Subsequences|Medium|non-decreasing-subsequences|array, hash-table, backtracking, bit-manipulation|
0492|Construct the Rectangle|Easy|construct-the-rectangle|math|
0493|Reverse Pairs|Hard|reverse-pairs|array, binary-search, divide-and-conquer, binary-indexed-tree, segment-tree, merge-sort, ordered-set|
0494|Target Sum|Medium|target-sum|array, dynamic-programming, backtracking|
0495|Teemo Attacking|Easy|teemo-attacking|array, simulation|
0496|Next Greater Element I|Easy|next-greater-element-i|array, hash-table, stack, monotonic-stack|
0497|Random Point in Non-overlapping Rectangles|Medium|random-point-in-non-overlapping-rectangles|array, math, binary-search, reservoir-sampling, prefix-sum, ordered-set, randomized|
0498|Diagonal Traverse|Medium|diagonal-traverse|array, matrix, simulation|
0500|Keyboard Row|Easy|keyboard-row|array, hash-table, string|
0501|Find Mode in Binary Search Tree|Easy|find-mode-in-binary-search-tree|tree, depthfirst-search, binary-search-tree, binary-tree|
0502|IPO|Hard|ipo|array, greedy, sorting, heap-priority-queue|
0503|Next Greater Element II|Medium|next-greater-element-ii|array, stack, monotonic-stack|
0504|Base 7|Easy|base-7|math, string|
0506|Relative Ranks|Easy|relative-ranks|array, sorting, heap-priority-queue|
0507|Perfect Number|Easy|perfect-number|math|
0508|Most Frequent Subtree Sum|Medium|most-frequent-subtree-sum|hash-table, tree, depthfirst-search, binary-tree|
0509|Fibonacci Number|Easy|fibonacci-number|math, dynamic-programming, recursion, memoization|
0511|Game Play Analysis I|Easy|game-play-analysis-i|database|
0513|Find Bottom Left Tree Value|Medium|find-bottom-left-tree-value|tree, depthfirst-search, breadthfirst-search, binary-tree|
0514|Freedom Trail|Hard|freedom-trail|string, dynamic-programming, depthfirst-search, breadthfirst-search|
0515|Find Largest Value in Each Tree Row|Medium|find-largest-value-in-each-tree-row|tree, depthfirst-search, breadthfirst-search, binary-tree|
0516|Longest Palindromic Subsequence|Medium|longest-palindromic-subsequence|string, dynamic-programming|
0517|Super Washing Machines|Hard|super-washing-machines|array, greedy|
0518|Coin Change II|Medium|coin-change-ii|array, dynamic-programming|
0519|Random Flip Matrix|Medium|random-flip-matrix|hash-table, math, reservoir-sampling, randomized|
0520|Detect Capital|Easy|detect-capital|string|
0521|Longest Uncommon Subsequence I|Easy|longest-uncommon-subsequence-i|string|
0522|Longest Uncommon Subsequence II|Medium|longest-uncommon-subsequence-ii|array, hash-table, two-pointers, string, sorting|
0523|Continuous Subarray Sum|Medium|continuous-subarray-sum|array, hash-table, math, prefix-sum|
0524|Longest Word in Dictionary through Deleting|Medium|longest-word-in-dictionary-through-deleting|array, two-pointers, string, sorting|
0525|Contiguous Array|Medium|contiguous-array|array, hash-table, prefix-sum|
0526|Beautiful Arrangement|Medium|beautiful-arrangement|array, dynamic-programming, backtracking, bit-manipulation, bitmask|
0528|Random Pick with Weight|Medium|random-pick-with-weight|array, math, binary-search, prefix-sum, randomized|
0529|Minesweeper|Medium|minesweeper|array, depthfirst-search, breadthfirst-search, matrix|
0530|Minimum Absolute Difference in BST|Easy|minimum-absolute-difference-in-bst|tree, depthfirst-search, breadthfirst-search, binary-search-tree, binary-tree|
0532|K-diff Pairs in an Array|Medium|k-diff-pairs-in-an-array|array, hash-table, two-pointers, binary-search, sorting|
0535|Encode and Decode TinyURL|Medium|encode-and-decode-tinyurl|hash-table, string, design, hash-function|
0537|Complex Number Multiplication|Medium|complex-number-multiplication|math, string, simulation|
0538|Convert BST to Greater Tree|Medium|convert-bst-to-greater-tree|tree, depthfirst-search, binary-search-tree, binary-tree|
0539|Minimum Time Difference|Medium|minimum-time-difference|array, math, string, sorting|
0540|Single Element in a Sorted Array|Medium|single-element-in-a-sorted-array|array, binary-search|
0541|Reverse String II|Easy|reverse-string-ii|two-pointers, string|
0542|01 Matrix|Medium|01-matrix|array, dynamic-programming, breadthfirst-search, matrix|
0543|Diameter of Binary Tree|Easy|diameter-of-binary-tree|tree, depthfirst-search, binary-tree|
0546|Remove Boxes|Hard|remove-boxes|array, dynamic-programming, memoization|
0547|Number of Provinces|Medium|number-of-provinces|depthfirst-search, breadthfirst-search, union-find, graph|
0550|Game Play Analysis IV|Medium|game-play-analysis-iv|database|
0551|Student Attendance Record I|Easy|student-attendance-record-i|string|
0552|Student Attendance Record II|Hard|student-attendance-record-ii|dynamic-programming|
0553|Optimal Division|Medium|optimal-division|array, math, dynamic-programming|
0554|Brick Wall|Medium|brick-wall|array, hash-table|
0556|Next Greater Element III|Medium|next-greater-element-iii|math, two-pointers, string|
0557|Reverse Words in a String III|Easy|reverse-words-in-a-string-iii|two-pointers, string|
0558|Logical OR of Two Binary Grids Represented as Quad-Trees|Medium|logical-or-of-two-binary-grids-represented-as-quad-trees|divide-and-conquer, tree|
0559|Maximum Depth of N-ary Tree|Easy|maximum-depth-of-n-ary-tree|tree, depthfirst-search, breadthfirst-search|
0560|Subarray Sum Equals K|Medium|subarray-sum-equals-k|array, hash-table, prefix-sum|
0561|Array Partition|Easy|array-partition|array, greedy, sorting, counting-sort|
0563|Binary Tree Tilt|Easy|binary-tree-tilt|tree, depthfirst-search, binary-tree|
0564|Find the Closest Palindrome|Hard|find-the-closest-palindrome|math, string|
0565|Array Nesting|Medium|array-nesting|array, depthfirst-search|
0566|Reshape the Matrix|Easy|reshape-the-matrix|array, matrix, simulation|
0567|Permutation in String|Medium|permutation-in-string|hash-table, two-pointers, string, sliding-window|
0570|Managers with at Least 5 Direct Reports|Medium|managers-with-at-least-5-direct-reports|database|
0572|Subtree of Another Tree|Easy|subtree-of-another-tree|tree, depthfirst-search, string-matching, binary-tree, hash-function|
0575|Distribute Candies|Easy|distribute-candies|array, hash-table|
0576|Out of Boundary Paths|Medium|out-of-boundary-paths|dynamic-programming|
0577|Employee Bonus|Easy|employee-bonus|database|
0581|Shortest Unsorted Continuous Subarray|Medium|shortest-unsorted-continuous-subarray|array, two-pointers, stack, greedy, sorting, monotonic-stack|
0583|Delete Operation for Two Strings|Medium|delete-operation-for-two-strings|string, dynamic-programming|
0584|Find Customer Referee|Easy|find-customer-referee|database|
0585|Investments in 2016|Medium|investments-in-2016|database|
0586|Customer Placing the Largest Number of Orders|Easy|customer-placing-the-largest-number-of-orders|database|
0587|Erect the Fence|Hard|erect-the-fence|array, math, geometry|
0589|N-ary Tree Preorder Traversal|Easy|n-ary-tree-preorder-traversal|stack, tree, depthfirst-search|
0590|N-ary Tree Postorder Traversal|Easy|n-ary-tree-postorder-traversal|stack, tree, depthfirst-search|
0591|Tag Validator|Hard|tag-validator|string, stack|
0592|Fraction Addition and Subtraction|Medium|fraction-addition-and-subtraction|math, string, simulation|
0593|Valid Square|Medium|valid-square|math, geometry|
0594|Longest Harmonious Subsequence|Easy|longest-harmonious-subsequence|array, hash-table, sliding-window, sorting, counting|
0595|Big Countries|Easy|big-countries|database|
0596|Classes With at Least 5 Students|Easy|classes-with-at-least-5-students|database|
0598|Range Addition II|Easy|range-addition-ii|array, math|
0599|Minimum Index Sum of Two Lists|Easy|minimum-index-sum-of-two-lists|array, hash-table, string|
0600|Non-negative Integers without Consecutive Ones|Hard|non-negative-integers-without-consecutive-ones|dynamic-programming|
0601|Human Traffic of Stadium|Hard|human-traffic-of-stadium|database|
0602|Friend Requests II: Who Has the Most Friends|Medium|friend-requests-ii-who-has-the-most-friends|database|
0605|Can Place Flowers|Easy|can-place-flowers|array, greedy|
0606|Construct String from Binary Tree|Medium|construct-string-from-binary-tree|string, tree, depthfirst-search, binary-tree|
0607|Sales Person|Easy|sales-person|database|
0608|Tree Node|Medium|tree-node|database|
0609|Find Duplicate File in System|Medium|find-duplicate-file-in-system|array, hash-table, string|
0610|Triangle Judgement|Easy|triangle-judgement|database|
0611|Valid Triangle Number|Medium|valid-triangle-number|array, two-pointers, binary-search, greedy, sorting|
0617|Merge Two Binary Trees|Easy|merge-two-binary-trees|tree, depthfirst-search, breadthfirst-search, binary-tree|
0619|Biggest Single Number|Easy|biggest-single-number|database|
0620|Not Boring Movies|Easy|not-boring-movies|database|
0621|Task Scheduler|Medium|task-scheduler|array, hash-table, greedy, sorting, heap-priority-queue, counting|
0622|Design Circular Queue|Medium|design-circular-queue|array, linked-list, design, queue|
0623|Add One Row to Tree|Medium|add-one-row-to-tree|tree, depthfirst-search, breadthfirst-search, binary-tree|
0624|Maximum Distance in Arrays|Medium|maximum-distance-in-arrays|array, greedy|
0626|Exchange Seats|Medium|exchange-seats|database|
0627|Swap Salary|Easy|swap-salary|database|
0628|Maximum Product of Three Numbers|Easy|maximum-product-of-three-numbers|array, math, sorting|
0629|K Inverse Pairs Array|Hard|k-inverse-pairs-array|dynamic-programming|
0630|Course Schedule III|Hard|course-schedule-iii|array, greedy, sorting, heap-priority-queue|
0632|Smallest Range Covering Elements from K Lists|Hard|smallest-range-covering-elements-from-k-lists|array, hash-table, greedy, sliding-window, sorting, heap-priority-queue|
0633|Sum of Square Numbers|Medium|sum-of-square-numbers|math, two-pointers, binary-search|
0636|Exclusive Time of Functions|Medium|exclusive-time-of-functions|array, stack|
0637|Average of Levels in Binary Tree|Easy|average-of-levels-in-binary-tree|tree, depthfirst-search, breadthfirst-search, binary-tree|
0638|Shopping Offers|Medium|shopping-offers|array, dynamic-programming, backtracking, bit-manipulation, memoization, bitmask|
0639|Decode Ways II|Hard|decode-ways-ii|string, dynamic-programming|
0640|Solve the Equation|Medium|solve-the-equation|math, string, simulation|
0641|Design Circular Deque|Medium|design-circular-deque|array, linked-list, design, queue|
0643|Maximum Average Subarray I|Easy|maximum-average-subarray-i|array, sliding-window|
0645|Set Mismatch|Easy|set-mismatch|array, hash-table, bit-manipulation, sorting|
0646|Maximum Length of Pair Chain|Medium|maximum-length-of-pair-chain|array, dynamic-programming, greedy, sorting|
0647|Palindromic Substrings|Medium|palindromic-substrings|two-pointers, string, dynamic-programming|
0648|Replace Words|Medium|replace-words|array, hash-table, string, trie|
0649|Dota2 Senate|Medium|dota2-senate|string, greedy, queue|
0650|2 Keys Keyboard|Medium|2-keys-keyboard|math, dynamic-programming|
0652|Find Duplicate Subtrees|Medium|find-duplicate-subtrees|hash-table, tree, depthfirst-search, binary-tree|
0653|Two Sum IV - Input is a BST|Easy|two-sum-iv-input-is-a-bst|hash-table, two-pointers, tree, depthfirst-search, breadthfirst-search, binary-search-tree, binary-tree|
0654|Maximum Binary Tree|Medium|maximum-binary-tree|array, divide-and-conquer, stack, tree, monotonic-stack, binary-tree|
0655|Print Binary Tree|Medium|print-binary-tree|tree, depthfirst-search, breadthfirst-search, binary-tree|
0657|Robot Return to Origin|Easy|robot-return-to-origin|string, simulation|
0658|Find K Closest Elements|Medium|find-k-closest-elements|array, two-pointers, binary-search, sliding-window, sorting, heap-priority-queue|
0659|Split Array into Consecutive Subsequences|Medium|split-array-into-consecutive-subsequences|array, hash-table, greedy, heap-priority-queue|
0661|Image Smoother|Easy|image-smoother|array, matrix|
0662|Maximum Width of Binary Tree|Medium|maximum-width-of-binary-tree|tree, depthfirst-search, breadthfirst-search, binary-tree|
0664|Strange Printer|Hard|strange-printer|string, dynamic-programming|
0665|Non-decreasing Array|Medium|non-decreasing-array|array|
0667|Beautiful Arrangement II|Medium|beautiful-arrangement-ii|array, math|
0668|Kth Smallest Number in Multiplication Table|Hard|kth-smallest-number-in-multiplication-table|math, binary-search|
0669|Trim a Binary Search Tree|Medium|trim-a-binary-search-tree|tree, depthfirst-search, binary-search-tree, binary-tree|
0670|Maximum Swap|Medium|maximum-swap|math, greedy|
0671|Second Minimum Node In a Binary Tree|Easy|second-minimum-node-in-a-binary-tree|tree, depthfirst-search, binary-tree|
0672|Bulb Switcher II|Medium|bulb-switcher-ii|math, bit-manipulation, depthfirst-search, breadthfirst-search|
0673|Number of Longest Increasing Subsequence|Medium|number-of-longest-increasing-subsequence|array, dynamic-programming, binary-indexed-tree, segment-tree|
0674|Longest Continuous Increasing Subsequence|Easy|longest-continuous-increasing-subsequence|array|
0675|Cut Off Trees for Golf Event|Hard|cut-off-trees-for-golf-event|array, breadthfirst-search, heap-priority-queue, matrix|
0676|Implement Magic Dictionary|Medium|implement-magic-dictionary|hash-table, string, depthfirst-search, design, trie|
0677|Map Sum Pairs|Medium|map-sum-pairs|hash-table, string, design, trie|
0678|Valid Parenthesis String|Medium|valid-parenthesis-string|string, dynamic-programming, stack, greedy|
0679|24 Game|Hard|24-game|array, math, backtracking|
0680|Valid Palindrome II|Easy|valid-palindrome-ii|two-pointers, string, greedy|
0682|Baseball Game|Easy|baseball-game|array, stack, simulation|
0684|Redundant Connection|Medium|redundant-connection|depthfirst-search, breadthfirst-search, union-find, graph|
0685|Redundant Connection II|Hard|redundant-connection-ii|depthfirst-search, breadthfirst-search, union-find, graph|
0686|Repeated String Match|Medium|repeated-string-match|string, string-matching|
0687|Longest Univalue Path|Medium|longest-univalue-path|tree, depthfirst-search, binary-tree|
0688|Knight Probability in Chessboard|Medium|knight-probability-in-chessboard|dynamic-programming|
0689|Maximum Sum of 3 Non-Overlapping Subarrays|Hard|maximum-sum-of-3-non-overlapping-subarrays|array, dynamic-programming, sliding-window, prefix-sum|
0690|Employee Importance|Medium|employee-importance|array, hash-table, tree, depthfirst-search, breadthfirst-search|
0691|Stickers to Spell Word|Hard|stickers-to-spell-word|array, hash-table, string, dynamic-programming, backtracking, bit-manipulation, memoization, bitmask|
0692|Top K Frequent Words|Medium|top-k-frequent-words|array, hash-table, string, trie, sorting, heap-priority-queue, bucket-sort, counting|
0693|Binary Number with Alternating Bits|Easy|binary-number-with-alternating-bits|bit-manipulation|
0695|Max Area of Island|Medium|max-area-of-island|array, depthfirst-search, breadthfirst-search, union-find, matrix|
0696|Count Binary Substrings|Easy|count-binary-substrings|two-pointers, string|
0697|Degree of an Array|Easy|degree-of-an-array|array, hash-table|
0698|Partition to K Equal Sum Subsets|Medium|partition-to-k-equal-sum-subsets|array, dynamic-programming, backtracking, bit-manipulation, memoization, bitmask|
0699|Falling Squares|Hard|falling-squares|array, segment-tree, ordered-set|
0700|Search in a Binary Search Tree|Easy|search-in-a-binary-search-tree|tree, binary-search-tree, binary-tree|
0701|Insert into a Binary Search Tree|Medium|insert-into-a-binary-search-tree|tree, binary-search-tree, binary-tree|
0703|Kth Largest Element in a Stream|Easy|kth-largest-element-in-a-stream|tree, design, binary-search-tree, heap-priority-queue, binary-tree, data-stream|
0704|Binary Search|Easy|binary-search|array, binary-search|
0705|Design HashSet|Easy|design-hashset|array, hash-table, linked-list, design, hash-function|
0706|Design HashMap|Easy|design-hashmap|array, hash-table, linked-list, design, hash-function|
0707|Design Linked List|Medium|design-linked-list|linked-list, design|
0709|To Lower Case|Easy|to-lower-case|string|
0710|Random Pick with Blacklist|Hard|random-pick-with-blacklist|array, hash-table, math, binary-search, sorting, randomized|
0712|Minimum ASCII Delete Sum for Two Strings|Medium|minimum-ascii-delete-sum-for-two-strings|string, dynamic-programming|
0713|Subarray Product Less Than K|Medium|subarray-product-less-than-k|array, binary-search, sliding-window, prefix-sum|
0714|Best Time to Buy and Sell Stock with Transaction Fee|Medium|best-time-to-buy-and-sell-stock-with-transaction-fee|array, dynamic-programming, greedy|
0715|Range Module|Hard|range-module|design, segment-tree, ordered-set|
0717|1-bit and 2-bit Characters|Easy|1-bit-and-2-bit-characters|array|
0718|Maximum Length of Repeated Subarray|Medium|maximum-length-of-repeated-subarray|array, binary-search, dynamic-programming, sliding-window, rolling-hash, hash-function|
0719|Find K-th Smallest Pair Distance|Hard|find-k-th-smallest-pair-distance|array, two-pointers, binary-search, sorting|
0720|Longest Word in Dictionary|Medium|longest-word-in-dictionary|array, hash-table, string, trie, sorting|
0721|Accounts Merge|Medium|accounts-merge|array, hash-table, string, depthfirst-search, breadthfirst-search, union-find, sorting|
0722|Remove Comments|Medium|remove-comments|array, string|
0724|Find Pivot Index|Easy|find-pivot-index|array, prefix-sum|
0725|Split Linked List in Parts|Medium|split-linked-list-in-parts|linked-list|
0726|Number of Atoms|Hard|number-of-atoms|hash-table, string, stack, sorting|
0728|Self Dividing Numbers|Easy|self-dividing-numbers|math|
0729|My Calendar I|Medium|my-calendar-i|array, binary-search, design, segment-tree, ordered-set|
0730|Count Different Palindromic Subsequences|Hard|count-different-palindromic-subsequences|string, dynamic-programming|
0731|My Calendar II|Medium|my-calendar-ii|array, binary-search, design, segment-tree, prefix-sum, ordered-set|
0732|My Calendar III|Hard|my-calendar-iii|binary-search, design, segment-tree, prefix-sum, ordered-set|
0733|Flood Fill|Easy|flood-fill|array, depthfirst-search, breadthfirst-search, matrix|
0735|Asteroid Collision|Medium|asteroid-collision|array, stack, simulation|
0736|Parse Lisp Expression|Hard|parse-lisp-expression|hash-table, string, stack, recursion|
0738|Monotone Increasing Digits|Medium|monotone-increasing-digits|math, greedy|
0739|Daily Temperatures|Medium|daily-temperatures|array, stack, monotonic-stack|
0740|Delete and Earn|Medium|delete-and-earn|array, hash-table, dynamic-programming|
0741|Cherry Pickup|Hard|cherry-pickup|array, dynamic-programming, matrix|
0743|Network Delay Time|Medium|network-delay-time|depthfirst-search, breadthfirst-search, graph, heap-priority-queue, shortest-path|
0744|Find Smallest Letter Greater Than Target|Easy|find-smallest-letter-greater-than-target|array, binary-search|
0745|Prefix and Suffix Search|Hard|prefix-and-suffix-search|array, hash-table, string, design, trie|
0746|Min Cost Climbing Stairs|Easy|min-cost-climbing-stairs|array, dynamic-programming|
0747|Largest Number At Least Twice of Others|Easy|largest-number-at-least-twice-of-others|array, sorting|
0748|Shortest Completing Word|Easy|shortest-completing-word|array, hash-table, string|
0749|Contain Virus|Hard|contain-virus|array, depthfirst-search, breadthfirst-search, matrix, simulation|
0752|Open the Lock|Medium|open-the-lock|array, hash-table, string, breadthfirst-search|
0753|Cracking the Safe|Hard|cracking-the-safe|depthfirst-search, graph, eulerian-circuit|
0754|Reach a Number|Medium|reach-a-number|math, binary-search|
0756|Pyramid Transition Matrix|Medium|pyramid-transition-matrix|bit-manipulation, depthfirst-search, breadthfirst-search|
0757|Set Intersection Size At Least Two|Hard|set-intersection-size-at-least-two|array, greedy, sorting|
0761|Special Binary String|Hard|special-binary-string|string, recursion|
0762|Prime Number of Set Bits in Binary Representation|Easy|prime-number-of-set-bits-in-binary-representation|math, bit-manipulation|
0763|Partition Labels|Medium|partition-labels|hash-table, two-pointers, string, greedy|
0764|Largest Plus Sign|Medium|largest-plus-sign|array, dynamic-programming|
0765|Couples Holding Hands|Hard|couples-holding-hands|greedy, depthfirst-search, breadthfirst-search, union-find, graph|
0766|Toeplitz Matrix|Easy|toeplitz-matrix|array, matrix|
0767|Reorganize String|Medium|reorganize-string|hash-table, string, greedy, sorting, heap-priority-queue, counting|
0768|Max Chunks To Make Sorted II|Hard|max-chunks-to-make-sorted-ii|array, stack, greedy, sorting, monotonic-stack|
0769|Max Chunks To Make Sorted|Medium|max-chunks-to-make-sorted|array, stack, greedy, sorting, monotonic-stack|
0770|Basic Calculator IV|Hard|basic-calculator-iv|hash-table, math, string, stack, recursion|
0771|Jewels and Stones|Easy|jewels-and-stones|hash-table, string|
0773|Sliding Puzzle|Hard|sliding-puzzle|array, dynamic-programming, backtracking, breadthfirst-search, memoization, matrix|
0775|Global and Local Inversions|Medium|global-and-local-inversions|array, math|
0777|Swap Adjacent in LR String|Medium|swap-adjacent-in-lr-string|two-pointers, string|
0778|Swim in Rising Water|Hard|swim-in-rising-water|array, binary-search, depthfirst-search, breadthfirst-search, union-find, heap-priority-queue, matrix|
0779|K-th Symbol in Grammar|Medium|k-th-symbol-in-grammar|math, bit-manipulation, recursion|
0780|Reaching Points|Hard|reaching-points|math|
0781|Rabbits in Forest|Medium|rabbits-in-forest|array, hash-table, math, greedy|
0782|Transform to Chessboard|Hard|transform-to-chessboard|array, math, bit-manipulation, matrix|
0783|Minimum Distance Between BST Nodes|Easy|minimum-distance-between-bst-nodes|tree, depthfirst-search, breadthfirst-search, binary-search-tree, binary-tree|
0784|Letter Case Permutation|Medium|letter-case-permutation|string, backtracking, bit-manipulation|
0785|Is Graph Bipartite?|Medium|is-graph-bipartite|depthfirst-search, breadthfirst-search, union-find, graph|
0786|K-th Smallest Prime Fraction|Medium|k-th-smallest-prime-fraction|array, two-pointers, binary-search, sorting, heap-priority-queue|
0787|Cheapest Flights Within K Stops|Medium|cheapest-flights-within-k-stops|dynamic-programming, depthfirst-search, breadthfirst-search, graph, heap-priority-queue, shortest-path|
0788|Rotated Digits|Medium|rotated-digits|math, dynamic-programming|
0789|Escape The Ghosts|Medium|escape-the-ghosts|array, math|
0790|Domino and Tromino Tiling|Medium|domino-and-tromino-tiling|dynamic-programming|
0791|Custom Sort String|Medium|custom-sort-string|hash-table, string, sorting|
0792|Number of Matching Subsequences|Medium|number-of-matching-subsequences|array, hash-table, string, binary-search, dynamic-programming, trie, sorting|
0793|Preimage Size of Factorial Zeroes Function|Hard|preimage-size-of-factorial-zeroes-function|math, binary-search|
0794|Valid Tic-Tac-Toe State|Medium|valid-tic-tac-toe-state|array, matrix|
0795|Number of Subarrays with Bounded Maximum|Medium|number-of-subarrays-with-bounded-maximum|array, two-pointers|
0796|Rotate String|Easy|rotate-string|string, string-matching|
0797|All Paths From Source to Target|Medium|all-paths-from-source-to-target|backtracking, depthfirst-search, breadthfirst-search, graph|
0798|Smallest Rotation with Highest Score|Hard|smallest-rotation-with-highest-score|array, prefix-sum|
0799|Champagne Tower|Medium|champagne-tower|dynamic-programming|
0801|Minimum Swaps To Make Sequences Increasing|Hard|minimum-swaps-to-make-sequences-increasing|array, dynamic-programming|
0802|Find Eventual Safe States|Medium|find-eventual-safe-states|depthfirst-search, breadthfirst-search, graph, topological-sort|
0803|Bricks Falling When Hit|Hard|bricks-falling-when-hit|array, union-find, matrix|
0804|Unique Morse Code Words|Easy|unique-morse-code-words|array, hash-table, string|
0805|Split Array With Same Average|Hard|split-array-with-same-average|array, math, dynamic-programming, bit-manipulation, bitmask|
0806|Number of Lines To Write String|Easy|number-of-lines-to-write-string|array, string|
0807|Max Increase to Keep City Skyline|Medium|max-increase-to-keep-city-skyline|array, greedy, matrix|
0808|Soup Servings|Medium|soup-servings|math, dynamic-programming, probability-and-statistics|
0809|Expressive Words|Medium|expressive-words|array, two-pointers, string|
0810|Chalkboard XOR Game|Hard|chalkboard-xor-game|array, math, bit-manipulation, brainteaser, game-theory|
0811|Subdomain Visit Count|Medium|subdomain-visit-count|array, hash-table, string, counting|
0812|Largest Triangle Area|Easy|largest-triangle-area|array, math, geometry|
0813|Largest Sum of Averages|Medium|largest-sum-of-averages|array, dynamic-programming, prefix-sum|
0814|Binary Tree Pruning|Medium|binary-tree-pruning|tree, depthfirst-search, binary-tree|
0815|Bus Routes|Hard|bus-routes|array, hash-table, breadthfirst-search|
0816|Ambiguous Coordinates|Medium|ambiguous-coordinates|string, backtracking, enumeration|
0817|Linked List Components|Medium|linked-list-components|array, hash-table, linked-list|
0818|Race Car|Hard|race-car|dynamic-programming|
0819|Most Common Word|Easy|most-common-word|array, hash-table, string, counting|
0820|Short Encoding of Words|Medium|short-encoding-of-words|array, hash-table, string, trie|
0821|Shortest Distance to a Character|Easy|shortest-distance-to-a-character|array, two-pointers, string|
0822|Card Flipping Game|Medium|card-flipping-game|array, hash-table|
0823|Binary Trees With Factors|Medium|binary-trees-with-factors|array, hash-table, dynamic-programming, sorting|
0824|Goat Latin|Easy|goat-latin|string|
0825|Friends Of Appropriate Ages|Medium|friends-of-appropriate-ages|array, two-pointers, binary-search, sorting|
0826|Most Profit Assigning Work|Medium|most-profit-assigning-work|array, two-pointers, binary-search, greedy, sorting|
0827|Making A Large Island|Hard|making-a-large-island|array, depthfirst-search, breadthfirst-search, union-find, matrix|
0828|Count Unique Characters of All Substrings of a Given String|Hard|count-unique-characters-of-all-substrings-of-a-given-string|hash-table, string, dynamic-programming|
0829|Consecutive Numbers Sum|Hard|consecutive-numbers-sum|math, enumeration|
0830|Positions of Large Groups|Easy|positions-of-large-groups|string|
0831|Masking Personal Information|Medium|masking-personal-information|string|
0832|Flipping an Image|Easy|flipping-an-image|array, two-pointers, bit-manipulation, matrix, simulation|
0833|Find And Replace in String|Medium|find-and-replace-in-string|array, hash-table, string, sorting|
0834|Sum of Distances in Tree|Hard|sum-of-distances-in-tree|dynamic-programming, tree, depthfirst-search, graph|
0835|Image Overlap|Medium|image-overlap|array, matrix|
0836|Rectangle Overlap|Easy|rectangle-overlap|math, geometry|
0837|New 21 Game|Medium|new-21-game|math, dynamic-programming, sliding-window, probability-and-statistics|
0838|Push Dominoes|Medium|push-dominoes|two-pointers, string, dynamic-programming|
0839|Similar String Groups|Hard|similar-string-groups|array, hash-table, string, depthfirst-search, breadthfirst-search, union-find|
0840|Magic Squares In Grid|Medium|magic-squares-in-grid|array, hash-table, math, matrix|
0841|Keys and Rooms|Medium|keys-and-rooms|depthfirst-search, breadthfirst-search, graph|
0842|Split Array into Fibonacci Sequence|Medium|split-array-into-fibonacci-sequence|string, backtracking|
0843|Guess the Word|Hard|guess-the-word|array, math, string, interactive, game-theory|
0844|Backspace String Compare|Easy|backspace-string-compare|two-pointers, string, stack, simulation|
0845|Longest Mountain in Array|Medium|longest-mountain-in-array|array, two-pointers, dynamic-programming, enumeration|
0846|Hand of Straights|Medium|hand-of-straights|array, hash-table, greedy, sorting|
0847|Shortest Path Visiting All Nodes|Hard|shortest-path-visiting-all-nodes|dynamic-programming, bit-manipulation, breadthfirst-search, graph, bitmask|
0848|Shifting Letters|Medium|shifting-letters|array, string, prefix-sum|
0849|Maximize Distance to Closest Person|Medium|maximize-distance-to-closest-person|array|
0850|Rectangle Area II|Hard|rectangle-area-ii|array, segment-tree, line-sweep, ordered-set|
0851|Loud and Rich|Medium|loud-and-rich|array, depthfirst-search, graph, topological-sort|
0852|Peak Index in a Mountain Array|Medium|peak-index-in-a-mountain-array|array, binary-search|
0853|Car Fleet|Medium|car-fleet|array, stack, sorting, monotonic-stack|
0854|K-Similar Strings|Hard|k-similar-strings|hash-table, string, breadthfirst-search|
0855|Exam Room|Medium|exam-room|design, heap-priority-queue, ordered-set|
0856|Score of Parentheses|Medium|score-of-parentheses|string, stack|
0857|Minimum Cost to Hire K Workers|Hard|minimum-cost-to-hire-k-workers|array, greedy, sorting, heap-priority-queue|
0858|Mirror Reflection|Medium|mirror-reflection|math, geometry, number-theory|
0859|Buddy Strings|Easy|buddy-strings|hash-table, string|
0860|Lemonade Change|Easy|lemonade-change|array, greedy|
0861|Score After Flipping Matrix|Medium|score-after-flipping-matrix|array, greedy, bit-manipulation, matrix|
0862|Shortest Subarray with Sum at Least K|Hard|shortest-subarray-with-sum-at-least-k|array, binary-search, queue, sliding-window, heap-priority-queue, prefix-sum, monotonic-queue|
0863|All Nodes Distance K in Binary Tree|Medium|all-nodes-distance-k-in-binary-tree|hash-table, tree, depthfirst-search, breadthfirst-search, binary-tree|
0864|Shortest Path to Get All Keys|Hard|shortest-path-to-get-all-keys|array, bit-manipulation, breadthfirst-search, matrix|
0865|Smallest Subtree with all the Deepest Nodes|Medium|smallest-subtree-with-all-the-deepest-nodes|hash-table, tree, depthfirst-search, breadthfirst-search, binary-tree|
0866|Prime Palindrome|Medium|prime-palindrome|math, number-theory|
0867|Transpose Matrix|Easy|transpose-matrix|array, matrix, simulation|
0868|Binary Gap|Easy|binary-gap|bit-manipulation|
0869|Reordered Power of 2|Medium|reordered-power-of-2|hash-table, math, sorting, counting, enumeration|
0870|Advantage Shuffle|Medium|advantage-shuffle|array, two-pointers, greedy, sorting|
0871|Minimum Number of Refueling Stops|Hard|minimum-number-of-refueling-stops|array, dynamic-programming, greedy, heap-priority-queue|
0872|Leaf-Similar Trees|Easy|leaf-similar-trees|tree, depthfirst-search, binary-tree|
0873|Length of Longest Fibonacci Subsequence|Medium|length-of-longest-fibonacci-subsequence|array, hash-table, dynamic-programming|
0874|Walking Robot Simulation|Medium|walking-robot-simulation|array, hash-table, simulation|
0875|Koko Eating Bananas|Medium|koko-eating-bananas|array, binary-search|
0876|Middle of the Linked List|Easy|middle-of-the-linked-list|linked-list, two-pointers|
0877|Stone Game|Medium|stone-game|array, math, dynamic-programming, game-theory|
0878|Nth Magical Number|Hard|nth-magical-number|math, binary-search|
0879|Profitable Schemes|Hard|profitable-schemes|array, dynamic-programming|
0880|Decoded String at Index|Medium|decoded-string-at-index|string, stack|
0881|Boats to Save People|Medium|boats-to-save-people|array, two-pointers, greedy, sorting|
0882|Reachable Nodes In Subdivided Graph|Hard|reachable-nodes-in-subdivided-graph|graph, heap-priority-queue, shortest-path|
0883|Projection Area of 3D Shapes|Easy|projection-area-of-3d-shapes|array, math, geometry, matrix|
0884|Uncommon Words from Two Sentences|Easy|uncommon-words-from-two-sentences|hash-table, string, counting|
0885|Spiral Matrix III|Medium|spiral-matrix-iii|array, matrix, simulation|
0886|Possible Bipartition|Medium|possible-bipartition|depthfirst-search, breadthfirst-search, union-find, graph|
0887|Super Egg Drop|Hard|super-egg-drop|math, binary-search, dynamic-programming|
0888|Fair Candy Swap|Easy|fair-candy-swap|array, hash-table, binary-search, sorting|
0889|Construct Binary Tree from Preorder and Postorder Traversal|Medium|construct-binary-tree-from-preorder-and-postorder-traversal|array, hash-table, divide-and-conquer, tree, binary-tree|
0890|Find and Replace Pattern|Medium|find-and-replace-pattern|array, hash-table, string|
0891|Sum of Subsequence Widths|Hard|sum-of-subsequence-widths|array, math, sorting|
0892|Surface Area of 3D Shapes|Easy|surface-area-of-3d-shapes|array, math, geometry, matrix|
0893|Groups of Special-Equivalent Strings|Medium|groups-of-special-equivalent-strings|array, hash-table, string, sorting|
0894|All Possible Full Binary Trees|Medium|all-possible-full-binary-trees|dynamic-programming, tree, recursion, memoization, binary-tree|
0895|Maximum Frequency Stack|Hard|maximum-frequency-stack|hash-table, stack, design, ordered-set|
0896|Monotonic Array|Easy|monotonic-array|array|
0897|Increasing Order Search Tree|Easy|increasing-order-search-tree|stack, tree, depthfirst-search, binary-search-tree, binary-tree|
0898|Bitwise ORs of Subarrays|Medium|bitwise-ors-of-subarrays|array, dynamic-programming, bit-manipulation|
0899|Orderly Queue|Hard|orderly-queue|math, string, sorting|
0900|RLE Iterator|Medium|rle-iterator|array, design, counting, iterator|
0901|Online Stock Span|Medium|online-stock-span|stack, design, monotonic-stack, data-stream|
0902|Numbers At Most N Given Digit Set|Hard|numbers-at-most-n-given-digit-set|array, math, string, binary-search, dynamic-programming|
0903|Valid Permutations for DI Sequence|Hard|valid-permutations-for-di-sequence|string, dynamic-programming, prefix-sum|
0904|Fruit Into Baskets|Medium|fruit-into-baskets|array, hash-table, sliding-window|
0905|Sort Array By Parity|Easy|sort-array-by-parity|array, two-pointers, sorting|
0906|Super Palindromes|Hard|super-palindromes|math, string, enumeration|
0907|Sum of Subarray Minimums|Medium|sum-of-subarray-minimums|array, dynamic-programming, stack, monotonic-stack|
0908|Smallest Range I|Easy|smallest-range-i|array, math|
0909|Snakes and Ladders|Medium|snakes-and-ladders|array, breadthfirst-search, matrix|
0910|Smallest Range II|Medium|smallest-range-ii|array, math, greedy, sorting|
0911|Online Election|Medium|online-election|array, hash-table, binary-search, design|
0912|Sort an Array|Medium|sort-an-array|array, divide-and-conquer, sorting, heap-priority-queue, merge-sort, bucket-sort, radix-sort, counting-sort|
0913|Cat and Mouse|Hard|cat-and-mouse|math, dynamic-programming, graph, topological-sort, memoization, game-theory|
0914|X of a Kind in a Deck of Cards|Easy|x-of-a-kind-in-a-deck-of-cards|array, hash-table, math, counting, number-theory|
0915|Partition Array into Disjoint Intervals|Medium|partition-array-into-disjoint-intervals|array|
0916|Word Subsets|Medium|word-subsets|array, hash-table, string|
0917|Reverse Only Letters|Easy|reverse-only-letters|two-pointers, string|
0918|Maximum Sum Circular Subarray|Medium|maximum-sum-circular-subarray|array, divide-and-conquer, dynamic-programming, queue, monotonic-queue|
0919|Complete Binary Tree Inserter|Medium|complete-binary-tree-inserter|tree, breadthfirst-search, design, binary-tree|
0920|Number of Music Playlists|Hard|number-of-music-playlists|math, dynamic-programming, combinatorics|
0921|Minimum Add to Make Parentheses Valid|Medium|minimum-add-to-make-parentheses-valid|string, stack, greedy|
0922|Sort Array By Parity II|Easy|sort-array-by-parity-ii|array, two-pointers, sorting|
0923|3Sum With Multiplicity|Medium|3sum-with-multiplicity|array, hash-table, two-pointers, sorting, counting|
0924|Minimize Malware Spread|Hard|minimize-malware-spread|array, hash-table, depthfirst-search, breadthfirst-search, union-find, graph|
0925|Long Pressed Name|Easy|long-pressed-name|two-pointers, string|
0926|Flip String to Monotone Increasing|Medium|flip-string-to-monotone-increasing|string, dynamic-programming|
0927|Three Equal Parts|Hard|three-equal-parts|array, math|
0928|Minimize Malware Spread II|Hard|minimize-malware-spread-ii|array, hash-table, depthfirst-search, breadthfirst-search, union-find, graph|
0929|Unique Email Addresses|Easy|unique-email-addresses|array, hash-table, string|
0930|Binary Subarrays With Sum|Medium|binary-subarrays-with-sum|array, hash-table, sliding-window, prefix-sum|
0931|Minimum Falling Path Sum|Medium|minimum-falling-path-sum|array, dynamic-programming, matrix|
0932|Beautiful Array|Medium|beautiful-array|array, math, divide-and-conquer|
0933|Number of Recent Calls|Easy|number-of-recent-calls|design, queue, data-stream|
0934|Shortest Bridge|Medium|shortest-bridge|array, depthfirst-search, breadthfirst-search, matrix|
0935|Knight Dialer|Medium|knight-dialer|dynamic-programming|
0936|Stamping The Sequence|Hard|stamping-the-sequence|string, stack, greedy, queue|
0937|Reorder Data in Log Files|Medium|reorder-data-in-log-files|array, string, sorting|
0938|Range Sum of BST|Easy|range-sum-of-bst|tree, depthfirst-search, binary-search-tree, binary-tree|
0939|Minimum Area Rectangle|Medium|minimum-area-rectangle|array, hash-table, math, geometry, sorting|
0940|Distinct Subsequences II|Hard|distinct-subsequences-ii|string, dynamic-programming|
0941|Valid Mountain Array|Easy|valid-mountain-array|array|
0942|DI String Match|Easy|di-string-match|array, two-pointers, string, greedy|
0943|Find the Shortest Superstring|Hard|find-the-shortest-superstring|array, string, dynamic-programming, bit-manipulation, bitmask|
0944|Delete Columns to Make Sorted|Easy|delete-columns-to-make-sorted|array, string|
0945|Minimum Increment to Make Array Unique|Medium|minimum-increment-to-make-array-unique|array, greedy, sorting, counting|
0946|Validate Stack Sequences|Medium|validate-stack-sequences|array, stack, simulation|
0947|Most Stones Removed with Same Row or Column|Medium|most-stones-removed-with-same-row-or-column|hash-table, depthfirst-search, union-find, graph|
0948|Bag of Tokens|Medium|bag-of-tokens|array, two-pointers, greedy, sorting|
0949|Largest Time for Given Digits|Medium|largest-time-for-given-digits|array, string, backtracking, enumeration|
0950|Reveal Cards In Increasing Order|Medium|reveal-cards-in-increasing-order|array, queue, sorting, simulation|
0951|Flip Equivalent Binary Trees|Medium|flip-equivalent-binary-trees|tree, depthfirst-search, binary-tree|
0952|Largest Component Size by Common Factor|Hard|largest-component-size-by-common-factor|array, hash-table, math, union-find, number-theory|
0953|Verifying an Alien Dictionary|Easy|verifying-an-alien-dictionary|array, hash-table, string|
0954|Array of Doubled Pairs|Medium|array-of-doubled-pairs|array, hash-table, greedy, sorting|
0955|Delete Columns to Make Sorted II|Medium|delete-columns-to-make-sorted-ii|array, string, greedy|
0956|Tallest Billboard|Hard|tallest-billboard|array, dynamic-programming|
0957|Prison Cells After N Days|Medium|prison-cells-after-n-days|array, hash-table, math, bit-manipulation|
0958|Check Completeness of a Binary Tree|Medium|check-completeness-of-a-binary-tree|tree, breadthfirst-search, binary-tree|
0959|Regions Cut By Slashes|Medium|regions-cut-by-slashes|array, hash-table, depthfirst-search, breadthfirst-search, union-find, matrix|
0960|Delete Columns to Make Sorted III|Hard|delete-columns-to-make-sorted-iii|array, string, dynamic-programming|
0961|N-Repeated Element in Size 2N Array|Easy|n-repeated-element-in-size-2n-array|array, hash-table|
0962|Maximum Width Ramp|Medium|maximum-width-ramp|array, two-pointers, stack, monotonic-stack|
0963|Minimum Area Rectangle II|Medium|minimum-area-rectangle-ii|array, hash-table, math, geometry|
0964|Least Operators to Express Number|Hard|least-operators-to-express-number|math, dynamic-programming, memoization|
0965|Univalued Binary Tree|Easy|univalued-binary-tree|tree, depthfirst-search, breadthfirst-search, binary-tree|
0966|Vowel Spellchecker|Medium|vowel-spellchecker|array, hash-table, string|
0967|Numbers With Same Consecutive Differences|Medium|numbers-with-same-consecutive-differences|backtracking, breadthfirst-search|
0968|Binary Tree Cameras|Hard|binary-tree-cameras|dynamic-programming, tree, depthfirst-search, binary-tree|
0969|Pancake Sorting|Medium|pancake-sorting|array, two-pointers, greedy, sorting|
0970|Powerful Integers|Medium|powerful-integers|hash-table, math, enumeration|
0971|Flip Binary Tree To Match Preorder Traversal|Medium|flip-binary-tree-to-match-preorder-traversal|tree, depthfirst-search, binary-tree|
0972|Equal Rational Numbers|Hard|equal-rational-numbers|math, string|
0973|K Closest Points to Origin|Medium|k-closest-points-to-origin|array, math, divide-and-conquer, geometry, sorting, heap-priority-queue, quickselect|
0974|Subarray Sums Divisible by K|Medium|subarray-sums-divisible-by-k|array, hash-table, prefix-sum|
0975|Odd Even Jump|Hard|odd-even-jump|array, dynamic-programming, stack, sorting, monotonic-stack, ordered-set|
0976|Largest Perimeter Triangle|Easy|largest-perimeter-triangle|array, math, greedy, sorting|
0977|Squares of a Sorted Array|Easy|squares-of-a-sorted-array|array, two-pointers, sorting|
0978|Longest Turbulent Subarray|Medium|longest-turbulent-subarray|array, dynamic-programming, sliding-window|
0979|Distribute Coins in Binary Tree|Medium|distribute-coins-in-binary-tree|tree, depthfirst-search, binary-tree|
0980|Unique Paths III|Hard|unique-paths-iii|array, backtracking, bit-manipulation, matrix|
0981|Time Based Key-Value Store|Medium|time-based-key-value-store|hash-table, string, binary-search, design|
0982|Triples with Bitwise AND Equal To Zero|Hard|triples-with-bitwise-and-equal-to-zero|array, hash-table, bit-manipulation|
0983|Minimum Cost For Tickets|Medium|minimum-cost-for-tickets|array, dynamic-programming|
0984|String Without AAA or BBB|Medium|string-without-aaa-or-bbb|string, greedy|
0985|Sum of Even Numbers After Queries|Medium|sum-of-even-numbers-after-queries|array, simulation|
0986|Interval List Intersections|Medium|interval-list-intersections|array, two-pointers, line-sweep|
0987|Vertical Order Traversal of a Binary Tree|Hard|vertical-order-traversal-of-a-binary-tree|hash-table, tree, depthfirst-search, breadthfirst-search, sorting, binary-tree|
0988|Smallest String Starting From Leaf|Medium|smallest-string-starting-from-leaf|string, backtracking, tree, depthfirst-search, binary-tree|
0989|Add to Array-Form of Integer|Easy|add-to-array-form-of-integer|array, math|
0990|Satisfiability of Equality Equations|Medium|satisfiability-of-equality-equations|array, string, union-find, graph|
0991|Broken Calculator|Medium|broken-calculator|math, greedy|
0992|Subarrays with K Different Integers|Hard|subarrays-with-k-different-integers|array, hash-table, sliding-window, counting|
0993|Cousins in Binary Tree|Easy|cousins-in-binary-tree|tree, depthfirst-search, breadthfirst-search, binary-tree|
0994|Rotting Oranges|Medium|rotting-oranges|array, breadthfirst-search, matrix|
0995|Minimum Number of K Consecutive Bit Flips|Hard|minimum-number-of-k-consecutive-bit-flips|array, bit-manipulation, queue, sliding-window, prefix-sum|
0996|Number of Squareful Arrays|Hard|number-of-squareful-arrays|array, hash-table, math, dynamic-programming, backtracking, bit-manipulation, bitmask|
0997|Find the Town Judge|Easy|find-the-town-judge|array, hash-table, graph|
0998|Maximum Binary Tree II|Medium|maximum-binary-tree-ii|tree, binary-tree|
0999|Available Captures for Rook|Easy|available-captures-for-rook|array, matrix, simulation|
1000|Minimum Cost to Merge Stones|Hard|minimum-cost-to-merge-stones|array, dynamic-programming, prefix-sum|
1001|Grid Illumination|Hard|grid-illumination|array, hash-table|
1002|Find Common Characters|Easy|find-common-characters|array, hash-table, string|
1003|Check If Word Is Valid After Substitutions|Medium|check-if-word-is-valid-after-substitutions|string, stack|
1004|Max Consecutive Ones III|Medium|max-consecutive-ones-iii|array, binary-search, sliding-window, prefix-sum|
1005|Maximize Sum Of Array After K Negations|Easy|maximize-sum-of-array-after-k-negations|array, greedy, sorting|
1006|Clumsy Factorial|Medium|clumsy-factorial|math, stack, simulation|
1007|Minimum Domino Rotations For Equal Row|Medium|minimum-domino-rotations-for-equal-row|array, greedy|
1008|Construct Binary Search Tree from Preorder Traversal|Medium|construct-binary-search-tree-from-preorder-traversal|array, stack, tree, binary-search-tree, monotonic-stack, binary-tree|
1009|Complement of Base 10 Integer|Easy|complement-of-base-10-integer|bit-manipulation|
1010|Pairs of Songs With Total Durations Divisible by 60|Medium|pairs-of-songs-with-total-durations-divisible-by-60|array, hash-table, counting|
1011|Capacity To Ship Packages Within D Days|Medium|capacity-to-ship-packages-within-d-days|array, binary-search|
1012|Numbers With Repeated Digits|Hard|numbers-with-repeated-digits|math, dynamic-programming|
1013|Partition Array Into Three Parts With Equal Sum|Easy|partition-array-into-three-parts-with-equal-sum|array, greedy|
1014|Best Sightseeing Pair|Medium|best-sightseeing-pair|array, dynamic-programming|
1015|Smallest Integer Divisible by K|Medium|smallest-integer-divisible-by-k|hash-table, math|
1016|Binary String With Substrings Representing 1 To N|Medium|binary-string-with-substrings-representing-1-to-n|hash-table, string, bit-manipulation, sliding-window|
1017|Convert to Base -2|Medium|convert-to-base-2|math|
1018|Binary Prefix Divisible By 5|Easy|binary-prefix-divisible-by-5|array, bit-manipulation|
1019|Next Greater Node In Linked List|Medium|next-greater-node-in-linked-list|array, linked-list, stack, monotonic-stack|
1020|Number of Enclaves|Medium|number-of-enclaves|array, depthfirst-search, breadthfirst-search, union-find, matrix|
1021|Remove Outermost Parentheses|Easy|remove-outermost-parentheses|string, stack|
1022|Sum of Root To Leaf Binary Numbers|Easy|sum-of-root-to-leaf-binary-numbers|tree, depthfirst-search, binary-tree|
1023|Camelcase Matching|Medium|camelcase-matching|array, two-pointers, string, trie, string-matching|
1024|Video Stitching|Medium|video-stitching|array, dynamic-programming, greedy|
1025|Divisor Game|Easy|divisor-game|math, dynamic-programming, brainteaser, game-theory|
1026|Maximum Difference Between Node and Ancestor|Medium|maximum-difference-between-node-and-ancestor|tree, depthfirst-search, binary-tree|
1027|Longest Arithmetic Subsequence|Medium|longest-arithmetic-subsequence|array, hash-table, binary-search, dynamic-programming|
1028|Recover a Tree From Preorder Traversal|Hard|recover-a-tree-from-preorder-traversal|string, tree, depthfirst-search, binary-tree|
1029|Two City Scheduling|Medium|two-city-scheduling|array, greedy, sorting|
1030|Matrix Cells in Distance Order|Easy|matrix-cells-in-distance-order|array, math, geometry, sorting, matrix|
1031|Maximum Sum of Two Non-Overlapping Subarrays|Medium|maximum-sum-of-two-non-overlapping-subarrays|array, dynamic-programming, sliding-window|
1032|Stream of Characters|Hard|stream-of-characters|array, string, design, trie, data-stream|
1033|Moving Stones Until Consecutive|Medium|moving-stones-until-consecutive|math, brainteaser|
1034|Coloring A Border|Medium|coloring-a-border|array, depthfirst-search, breadthfirst-search, matrix|
1035|Uncrossed Lines|Medium|uncrossed-lines|array, dynamic-programming|
1036|Escape a Large Maze|Hard|escape-a-large-maze|array, hash-table, depthfirst-search, breadthfirst-search|
1037|Valid Boomerang|Easy|valid-boomerang|array, math, geometry|
1038|Binary Search Tree to Greater Sum Tree|Medium|binary-search-tree-to-greater-sum-tree|tree, depthfirst-search, binary-search-tree, binary-tree|
1039|Minimum Score Triangulation of Polygon|Medium|minimum-score-triangulation-of-polygon|array, dynamic-programming|
1040|Moving Stones Until Consecutive II|Medium|moving-stones-until-consecutive-ii|array, math, sliding-window, sorting|
1041|Robot Bounded In Circle|Medium|robot-bounded-in-circle|math, string, simulation|
1042|Flower Planting With No Adjacent|Medium|flower-planting-with-no-adjacent|depthfirst-search, breadthfirst-search, graph|
1043|Partition Array for Maximum Sum|Medium|partition-array-for-maximum-sum|array, dynamic-programming|
1044|Longest Duplicate Substring|Hard|longest-duplicate-substring|string, binary-search, sliding-window, rolling-hash, suffix-array, hash-function|
1045|Customers Who Bought All Products|Medium|customers-who-bought-all-products|database|
1046|Last Stone Weight|Easy|last-stone-weight|array, heap-priority-queue|
1047|Remove All Adjacent Duplicates In String|Easy|remove-all-adjacent-duplicates-in-string|string, stack|
1048|Longest String Chain|Medium|longest-string-chain|array, hash-table, two-pointers, string, dynamic-programming, sorting|
1049|Last Stone Weight II|Medium|last-stone-weight-ii|array, dynamic-programming|
1050|Actors and Directors Who Cooperated At Least Three Times|Easy|actors-and-directors-who-cooperated-at-least-three-times|database|
1051|Height Checker|Easy|height-checker|array, sorting, counting-sort|
1052|Grumpy Bookstore Owner|Medium|grumpy-bookstore-owner|array, sliding-window|
1053|Previous Permutation With One Swap|Medium|previous-permutation-with-one-swap|array, greedy|
1054|Distant Barcodes|Medium|distant-barcodes|array, hash-table, greedy, sorting, heap-priority-queue, counting|
1061|Lexicographically Smallest Equivalent String|Medium|lexicographically-smallest-equivalent-string|string, union-find|
1068|Product Sales Analysis I|Easy|product-sales-analysis-i|database|
1070|Product Sales Analysis III|Medium|product-sales-analysis-iii|database|
1071|Greatest Common Divisor of Strings|Easy|greatest-common-divisor-of-strings|math, string|
1072|Flip Columns For Maximum Number of Equal Rows|Medium|flip-columns-for-maximum-number-of-equal-rows|array, hash-table, matrix|
1073|Adding Two Negabinary Numbers|Medium|adding-two-negabinary-numbers|array, math|
1074|Number of Submatrices That Sum to Target|Hard|number-of-submatrices-that-sum-to-target|array, hash-table, matrix, prefix-sum|
1075|Project Employees I|Easy|project-employees-i|database|
1078|Occurrences After Bigram|Easy|occurrences-after-bigram|string|
1079|Letter Tile Possibilities|Medium|letter-tile-possibilities|hash-table, string, backtracking, counting|
1080|Insufficient Nodes in Root to Leaf Paths|Medium|insufficient-nodes-in-root-to-leaf-paths|tree, depthfirst-search, binary-tree|
1081|Smallest Subsequence of Distinct Characters|Medium|smallest-subsequence-of-distinct-characters|string, stack, greedy, monotonic-stack|
1084|Sales Analysis III|Easy|sales-analysis-iii|database|
1089|Duplicate Zeros|Easy|duplicate-zeros|array, two-pointers|
1090|Largest Values From Labels|Medium|largest-values-from-labels|array, hash-table, greedy, sorting, counting|
1091|Shortest Path in Binary Matrix|Medium|shortest-path-in-binary-matrix|array, breadthfirst-search, matrix|
1092|Shortest Common Supersequence |Hard|shortest-common-supersequence|string, dynamic-programming|
1093|Statistics from a Large Sample|Medium|statistics-from-a-large-sample|array, math, probability-and-statistics|
1094|Car Pooling|Medium|car-pooling|array, sorting, heap-priority-queue, simulation, prefix-sum|
1095|Find in Mountain Array|Hard|find-in-mountain-array|array, binary-search, interactive|
1096|Brace Expansion II|Hard|brace-expansion-ii|string, backtracking, stack, breadthfirst-search|
1103|Distribute Candies to People|Easy|distribute-candies-to-people|math, simulation|
1104|Path In Zigzag Labelled Binary Tree|Medium|path-in-zigzag-labelled-binary-tree|math, tree, binary-tree|
1105|Filling Bookcase Shelves|Medium|filling-bookcase-shelves|array, dynamic-programming|
1106|Parsing A Boolean Expression|Hard|parsing-a-boolean-expression|string, stack, recursion|
1108|Defanging an IP Address|Easy|defanging-an-ip-address|string|
1109|Corporate Flight Bookings|Medium|corporate-flight-bookings|array, prefix-sum|
1110|Delete Nodes And Return Forest|Medium|delete-nodes-and-return-forest|array, hash-table, tree, depthfirst-search, binary-tree|
1111|Maximum Nesting Depth of Two Valid Parentheses Strings|Medium|maximum-nesting-depth-of-two-valid-parentheses-strings|string, stack|
1114|Print in Order|Easy|print-in-order|concurrency|
1115|Print FooBar Alternately|Medium|print-foobar-alternately|concurrency|
1116|Print Zero Even Odd|Medium|print-zero-even-odd|concurrency|
1117|Building H2O|Medium|building-h2o|concurrency|
1122|Relative Sort Array|Easy|relative-sort-array|array, hash-table, sorting, counting-sort|
1123|Lowest Common Ancestor of Deepest Leaves|Medium|lowest-common-ancestor-of-deepest-leaves|hash-table, tree, depthfirst-search, breadthfirst-search, binary-tree|
1124|Longest Well-Performing Interval|Medium|longest-well-performing-interval|array, hash-table, stack, monotonic-stack, prefix-sum|
1125|Smallest Sufficient Team|Hard|smallest-sufficient-team|array, dynamic-programming, bit-manipulation, bitmask|
1128|Number of Equivalent Domino Pairs|Easy|number-of-equivalent-domino-pairs|array, hash-table, counting|
1129|Shortest Path with Alternating Colors|Medium|shortest-path-with-alternating-colors|breadthfirst-search, graph|
1130|Minimum Cost Tree From Leaf Values|Medium|minimum-cost-tree-from-leaf-values|array, dynamic-programming, stack, greedy, monotonic-stack|
1131|Maximum of Absolute Value Expression|Medium|maximum-of-absolute-value-expression|array, math|
1137|N-th Tribonacci Number|Easy|n-th-tribonacci-number|math, dynamic-programming, memoization|
1138|Alphabet Board Path|Medium|alphabet-board-path|hash-table, string|
1139|Largest 1-Bordered Square|Medium|largest-1-bordered-square|array, dynamic-programming, matrix|
1140|Stone Game II|Medium|stone-game-ii|array, math, dynamic-programming, prefix-sum, game-theory|
1141|User Activity for the Past 30 Days I|Easy|user-activity-for-the-past-30-days-i|database|
1143|Longest Common Subsequence|Medium|longest-common-subsequence|string, dynamic-programming|
1144|Decrease Elements To Make Array Zigzag|Medium|decrease-elements-to-make-array-zigzag|array, greedy|
1145|Binary Tree Coloring Game|Medium|binary-tree-coloring-game|tree, depthfirst-search, binary-tree|
1146|Snapshot Array|Medium|snapshot-array|array, hash-table, binary-search, design|
1147|Longest Chunked Palindrome Decomposition|Hard|longest-chunked-palindrome-decomposition|two-pointers, string, dynamic-programming, greedy, rolling-hash, hash-function|
1148|Article Views I|Easy|article-views-i|database|
1154|Day of the Year|Easy|day-of-the-year|math, string|
1155|Number of Dice Rolls With Target Sum|Medium|number-of-dice-rolls-with-target-sum|dynamic-programming|
1156|Swap For Longest Repeated Character Substring|Medium|swap-for-longest-repeated-character-substring|hash-table, string, sliding-window|
1157|Online Majority Element In Subarray|Hard|online-majority-element-in-subarray|array, binary-search, design, binary-indexed-tree, segment-tree|
1158|Market Analysis I|Medium|market-analysis-i|database|
1160|Find Words That Can Be Formed by Characters|Easy|find-words-that-can-be-formed-by-characters|array, hash-table, string, counting|
1161|Maximum Level Sum of a Binary Tree|Medium|maximum-level-sum-of-a-binary-tree|tree, depthfirst-search, breadthfirst-search, binary-tree|
1162|As Far from Land as Possible|Medium|as-far-from-land-as-possible|array, dynamic-programming, breadthfirst-search, matrix|
1163|Last Substring in Lexicographical Order|Hard|last-substring-in-lexicographical-order|two-pointers, string|
1164|Product Price at a Given Date|Medium|product-price-at-a-given-date|database|
1169|Invalid Transactions|Medium|invalid-transactions|array, hash-table, string, sorting|
1170|Compare Strings by Frequency of the Smallest Character|Medium|compare-strings-by-frequency-of-the-smallest-character|array, hash-table, string, binary-search, sorting|
1171|Remove Zero Sum Consecutive Nodes from Linked List|Medium|remove-zero-sum-consecutive-nodes-from-linked-list|hash-table, linked-list|
1172|Dinner Plate Stacks|Hard|dinner-plate-stacks|hash-table, stack, design, heap-priority-queue|
1174|Immediate Food Delivery II|Medium|immediate-food-delivery-ii|database|
1175|Prime Arrangements|Easy|prime-arrangements|math|
1177|Can Make Palindrome from Substring|Medium|can-make-palindrome-from-substring|array, hash-table, string, bit-manipulation, prefix-sum|
1178|Number of Valid Words for Each Puzzle|Hard|number-of-valid-words-for-each-puzzle|array, hash-table, string, bit-manipulation, trie|
1179|Reformat Department Table|Easy|reformat-department-table|database|
1184|Distance Between Bus Stops|Easy|distance-between-bus-stops|array|
1185|Day of the Week|Easy|day-of-the-week|math|
1186|Maximum Subarray Sum with One Deletion|Medium|maximum-subarray-sum-with-one-deletion|array, dynamic-programming|
1187|Make Array Strictly Increasing|Hard|make-array-strictly-increasing|array, binary-search, dynamic-programming, sorting|
1189|Maximum Number of Balloons|Easy|maximum-number-of-balloons|hash-table, string, counting|
1190|Reverse Substrings Between Each Pair of Parentheses|Medium|reverse-substrings-between-each-pair-of-parentheses|string, stack|
1191|K-Concatenation Maximum Sum|Medium|k-concatenation-maximum-sum|array, dynamic-programming|
1192|Critical Connections in a Network|Hard|critical-connections-in-a-network|depthfirst-search, graph, biconnected-component|
1193|Monthly Transactions I|Medium|monthly-transactions-i|database|
1195|Fizz Buzz Multithreaded|Medium|fizz-buzz-multithreaded|concurrency|
1200|Minimum Absolute Difference|Easy|minimum-absolute-difference|array, sorting|
1201|Ugly Number III|Medium|ugly-number-iii|math, binary-search, combinatorics, number-theory|
1202|Smallest String With Swaps|Medium|smallest-string-with-swaps|array, hash-table, string, depthfirst-search, breadthfirst-search, union-find, sorting|
1203|Sort Items by Groups Respecting Dependencies|Hard|sort-items-by-groups-respecting-dependencies|depthfirst-search, breadthfirst-search, graph, topological-sort|
1204|Last Person to Fit in the Bus|Medium|last-person-to-fit-in-the-bus|database|
1206|Design Skiplist|Hard|design-skiplist|linked-list, design|
1207|Unique Number of Occurrences|Easy|unique-number-of-occurrences|array, hash-table|
1208|Get Equal Substrings Within Budget|Medium|get-equal-substrings-within-budget|string, binary-search, sliding-window, prefix-sum|
1209|Remove All Adjacent Duplicates in String II|Medium|remove-all-adjacent-duplicates-in-string-ii|string, stack|
1210|Minimum Moves to Reach Target with Rotations|Hard|minimum-moves-to-reach-target-with-rotations|array, breadthfirst-search, matrix|
1211|Queries Quality and Percentage|Easy|queries-quality-and-percentage|database|
1217|Minimum Cost to Move Chips to The Same Position|Easy|minimum-cost-to-move-chips-to-the-same-position|array, math, greedy|
1218|Longest Arithmetic Subsequence of Given Difference|Medium|longest-arithmetic-subsequence-of-given-difference|array, hash-table, dynamic-programming|
1219|Path with Maximum Gold|Medium|path-with-maximum-gold|array, backtracking, matrix|
1220|Count Vowels Permutation|Hard|count-vowels-permutation|dynamic-programming|
1221|Split a String in Balanced Strings|Easy|split-a-string-in-balanced-strings|string, greedy, counting|
1222|Queens That Can Attack the King|Medium|queens-that-can-attack-the-king|array, matrix, simulation|
1223|Dice Roll Simulation|Hard|dice-roll-simulation|array, dynamic-programming|
1224|Maximum Equal Frequency|Hard|maximum-equal-frequency|array, hash-table|
1226|The Dining Philosophers|Medium|the-dining-philosophers|concurrency|
1227|Airplane Seat Assignment Probability|Medium|airplane-seat-assignment-probability|math, dynamic-programming, brainteaser, probability-and-statistics|
1232|Check If It Is a Straight Line|Easy|check-if-it-is-a-straight-line|array, math, geometry|
1233|Remove Sub-Folders from the Filesystem|Medium|remove-sub-folders-from-the-filesystem|array, string, depthfirst-search, trie|
1234|Replace the Substring for Balanced String|Medium|replace-the-substring-for-balanced-string|string, sliding-window|
1235|Maximum Profit in Job Scheduling|Hard|maximum-profit-in-job-scheduling|array, binary-search, dynamic-programming, sorting|
1237|Find Positive Integer Solution for a Given Equation|Medium|find-positive-integer-solution-for-a-given-equation|math, two-pointers, binary-search, interactive|
1238|Circular Permutation in Binary Representation|Medium|circular-permutation-in-binary-representation|math, backtracking, bit-manipulation|
1239|Maximum Length of a Concatenated String with Unique Characters|Medium|maximum-length-of-a-concatenated-string-with-unique-characters|array, string, backtracking, bit-manipulation|
1240|Tiling a Rectangle with the Fewest Squares|Hard|tiling-a-rectangle-with-the-fewest-squares|backtracking|
1247|Minimum Swaps to Make Strings Equal|Medium|minimum-swaps-to-make-strings-equal|math, string, greedy|
1248|Count Number of Nice Subarrays|Medium|count-number-of-nice-subarrays|array, hash-table, math, sliding-window, prefix-sum|
1249|Minimum Remove to Make Valid Parentheses|Medium|minimum-remove-to-make-valid-parentheses|string, stack|
1250|Check If It Is a Good Array|Hard|check-if-it-is-a-good-array|array, math, number-theory|
1251|Average Selling Price|Easy|average-selling-price|database|
1252|Cells with Odd Values in a Matrix|Easy|cells-with-odd-values-in-a-matrix|array, math, simulation|
1253|Reconstruct a 2-Row Binary Matrix|Medium|reconstruct-a-2-row-binary-matrix|array, greedy, matrix|
1254|Number of Closed Islands|Medium|number-of-closed-islands|array, depthfirst-search, breadthfirst-search, union-find, matrix|
1255|Maximum Score Words Formed by Letters|Hard|maximum-score-words-formed-by-letters|array, string, dynamic-programming, backtracking, bit-manipulation, bitmask|
1260|Shift 2D Grid|Easy|shift-2d-grid|array, matrix, simulation|
1261|Find Elements in a Contaminated Binary Tree|Medium|find-elements-in-a-contaminated-binary-tree|hash-table, tree, depthfirst-search, breadthfirst-search, design, binary-tree|
1262|Greatest Sum Divisible by Three|Medium|greatest-sum-divisible-by-three|array, dynamic-programming, greedy, sorting|
1263|Minimum Moves to Move a Box to Their Target Location|Hard|minimum-moves-to-move-a-box-to-their-target-location|array, breadthfirst-search, heap-priority-queue, matrix|
1266|Minimum Time Visiting All Points|Easy|minimum-time-visiting-all-points|array, math, geometry|
1267|Count Servers that Communicate|Medium|count-servers-that-communicate|array, depthfirst-search, breadthfirst-search, union-find, matrix, counting|
1268|Search Suggestions System|Medium|search-suggestions-system|array, string, binary-search, trie, sorting, heap-priority-queue|
1269|Number of Ways to Stay in the Same Place After Some Steps|Hard|number-of-ways-to-stay-in-the-same-place-after-some-steps|dynamic-programming|
1275|Find Winner on a Tic Tac Toe Game|Easy|find-winner-on-a-tic-tac-toe-game|array, hash-table, matrix, simulation|
1276|Number of Burgers with No Waste of Ingredients|Medium|number-of-burgers-with-no-waste-of-ingredients|math|
1277|Count Square Submatrices with All Ones|Medium|count-square-submatrices-with-all-ones|array, dynamic-programming, matrix|
1278|Palindrome Partitioning III|Hard|palindrome-partitioning-iii|string, dynamic-programming|
1280|Students and Examinations|Easy|students-and-examinations|database|
1281|Subtract the Product and Sum of Digits of an Integer|Easy|subtract-the-product-and-sum-of-digits-of-an-integer|math|
1282|Group the People Given the Group Size They Belong To|Medium|group-the-people-given-the-group-size-they-belong-to|array, hash-table, greedy|
1283|Find the Smallest Divisor Given a Threshold|Medium|find-the-smallest-divisor-given-a-threshold|array, binary-search|
1284|Minimum Number of Flips to Convert Binary Matrix to Zero Matrix|Hard|minimum-number-of-flips-to-convert-binary-matrix-to-zero-matrix|array, hash-table, bit-manipulation, breadthfirst-search, matrix|
1286|Iterator for Combination|Medium|iterator-for-combination|string, backtracking, design, iterator|
1287|Element Appearing More Than 25% In Sorted Array|Easy|element-appearing-more-than-25-in-sorted-array|array|
1288|Remove Covered Intervals|Medium|remove-covered-intervals|array, sorting|
1289|Minimum Falling Path Sum II|Hard|minimum-falling-path-sum-ii|array, dynamic-programming, matrix|
1290|Convert Binary Number in a Linked List to Integer|Easy|convert-binary-number-in-a-linked-list-to-integer|linked-list, math|
1291|Sequential Digits|Medium|sequential-digits|enumeration|
1292|Maximum Side Length of a Square with Sum Less than or Equal to Threshold|Medium|maximum-side-length-of-a-square-with-sum-less-than-or-equal-to-threshold|array, binary-search, matrix, prefix-sum|
1293|Shortest Path in a Grid with Obstacles Elimination|Hard|shortest-path-in-a-grid-with-obstacles-elimination|array, breadthfirst-search, matrix|
1295|Find Numbers with Even Number of Digits|Easy|find-numbers-with-even-number-of-digits|array, math|
1296|Divide Array in Sets of K Consecutive Numbers|Medium|divide-array-in-sets-of-k-consecutive-numbers|array, hash-table, greedy, sorting|
1297|Maximum Number of Occurrences of a Substring|Medium|maximum-number-of-occurrences-of-a-substring|hash-table, string, sliding-window|
1298|Maximum Candies You Can Get from Boxes|Hard|maximum-candies-you-can-get-from-boxes|array, breadthfirst-search, graph|
1299|Replace Elements with Greatest Element on Right Side|Easy|replace-elements-with-greatest-element-on-right-side|array|
1300|Sum of Mutated Array Closest to Target|Medium|sum-of-mutated-array-closest-to-target|array, binary-search, sorting|
1301|Number of Paths with Max Score|Hard|number-of-paths-with-max-score|array, dynamic-programming, matrix|
1302|Deepest Leaves Sum|Medium|deepest-leaves-sum|tree, depthfirst-search, breadthfirst-search, binary-tree|
1304|Find N Unique Integers Sum up to Zero|Easy|find-n-unique-integers-sum-up-to-zero|array, math|
1305|All Elements in Two Binary Search Trees|Medium|all-elements-in-two-binary-search-trees|tree, depthfirst-search, binary-search-tree, sorting, binary-tree|
1306|Jump Game III|Medium|jump-game-iii|array, depthfirst-search, breadthfirst-search|
1307|Verbal Arithmetic Puzzle|Hard|verbal-arithmetic-puzzle|array, math, string, backtracking|
1309|Decrypt String from Alphabet to Integer Mapping|Easy|decrypt-string-from-alphabet-to-integer-mapping|string|
1310|XOR Queries of a Subarray|Medium|xor-queries-of-a-subarray|array, bit-manipulation, prefix-sum|
1311|Get Watched Videos by Your Friends|Medium|get-watched-videos-by-your-friends|array, hash-table, breadthfirst-search, graph, sorting|
1312|Minimum Insertion Steps to Make a String Palindrome|Hard|minimum-insertion-steps-to-make-a-string-palindrome|string, dynamic-programming|
1313|Decompress Run-Length Encoded List|Easy|decompress-run-length-encoded-list|array|
1314|Matrix Block Sum|Medium|matrix-block-sum|array, matrix, prefix-sum|
1315|Sum of Nodes with Even-Valued Grandparent|Medium|sum-of-nodes-with-even-valued-grandparent|tree, depthfirst-search, breadthfirst-search, binary-tree|
1316|Distinct Echo Substrings|Hard|distinct-echo-substrings|string, trie, rolling-hash, hash-function|
1317|Convert Integer to the Sum of Two No-Zero Integers|Easy|convert-integer-to-the-sum-of-two-no-zero-integers|math|
1318|Minimum Flips to Make a OR b Equal to c|Medium|minimum-flips-to-make-a-or-b-equal-to-c|bit-manipulation|
1319|Number of Operations to Make Network Connected|Medium|number-of-operations-to-make-network-connected|depthfirst-search, breadthfirst-search, union-find, graph|
1320|Minimum Distance to Type a Word Using Two Fingers|Hard|minimum-distance-to-type-a-word-using-two-fingers|string, dynamic-programming|
1321|Restaurant Growth|Medium|restaurant-growth|database|
1323|Maximum 69 Number|Easy|maximum-69-number|math, greedy|
1324|Print Words Vertically|Medium|print-words-vertically|array, string, simulation|
1325|Delete Leaves With a Given Value|Medium|delete-leaves-with-a-given-value|tree, depthfirst-search, binary-tree|
1326|Minimum Number of Taps to Open to Water a Garden|Hard|minimum-number-of-taps-to-open-to-water-a-garden|array, dynamic-programming, greedy|
1327|List the Products Ordered in a Period|Easy|list-the-products-ordered-in-a-period|database|
1328|Break a Palindrome|Medium|break-a-palindrome|string, greedy|
1329|Sort the Matrix Diagonally|Medium|sort-the-matrix-diagonally|array, sorting, matrix|
1330|Reverse Subarray To Maximize Array Value|Hard|reverse-subarray-to-maximize-array-value|array, math, greedy|
1331|Rank Transform of an Array|Easy|rank-transform-of-an-array|array, hash-table, sorting|
1332|Remove Palindromic Subsequences|Easy|remove-palindromic-subsequences|two-pointers, string|
1333|Filter Restaurants by Vegan-Friendly, Price and Distance|Medium|filter-restaurants-by-vegan-friendly-price-and-distance|array, sorting|
1334|Find the City With the Smallest Number of Neighbors at a Threshold Distance|Medium|find-the-city-with-the-smallest-number-of-neighbors-at-a-threshold-distance|dynamic-programming, graph, shortest-path|
1335|Minimum Difficulty of a Job Schedule|Hard|minimum-difficulty-of-a-job-schedule|array, dynamic-programming|
1337|The K Weakest Rows in a Matrix|Easy|the-k-weakest-rows-in-a-matrix|array, binary-search, sorting, heap-priority-queue, matrix|
1338|Reduce Array Size to The Half|Medium|reduce-array-size-to-the-half|array, hash-table, greedy, sorting, heap-priority-queue|
1339|Maximum Product of Splitted Binary Tree|Medium|maximum-product-of-splitted-binary-tree|tree, depthfirst-search, binary-tree|
1340|Jump Game V|Hard|jump-game-v|array, dynamic-programming, sorting|
1341|Movie Rating|Medium|movie-rating|database|
1342|Number of Steps to Reduce a Number to Zero|Easy|number-of-steps-to-reduce-a-number-to-zero|math, bit-manipulation|
1343|Number of Sub-arrays of Size K and Average Greater than or Equal to Threshold|Medium|number-of-sub-arrays-of-size-k-and-average-greater-than-or-equal-to-threshold|array, sliding-window|
1344|Angle Between Hands of a Clock|Medium|angle-between-hands-of-a-clock|math|
1345|Jump Game IV|Hard|jump-game-iv|array, hash-table, breadthfirst-search|
1346|Check If N and Its Double Exist|Easy|check-if-n-and-its-double-exist|array, hash-table, two-pointers, binary-search, sorting|
1347|Minimum Number of Steps to Make Two Strings Anagram|Medium|minimum-number-of-steps-to-make-two-strings-anagram|hash-table, string, counting|
1348|Tweet Counts Per Frequency|Medium|tweet-counts-per-frequency|hash-table, binary-search, design, sorting, ordered-set|
1349|Maximum Students Taking Exam|Hard|maximum-students-taking-exam|array, dynamic-programming, bit-manipulation, matrix, bitmask|
1351|Count Negative Numbers in a Sorted Matrix|Easy|count-negative-numbers-in-a-sorted-matrix|array, binary-search, matrix|
1352|Product of the Last K Numbers|Medium|product-of-the-last-k-numbers|array, math, design, data-stream, prefix-sum|
1353|Maximum Number of Events That Can Be Attended|Medium|maximum-number-of-events-that-can-be-attended|array, greedy, sorting, heap-priority-queue|
1354|Construct Target Array With Multiple Sums|Hard|construct-target-array-with-multiple-sums|array, heap-priority-queue|
1356|Sort Integers by The Number of 1 Bits|Easy|sort-integers-by-the-number-of-1-bits|array, bit-manipulation, sorting, counting|
1357|Apply Discount Every n Orders|Medium|apply-discount-every-n-orders|array, hash-table, design|
1358|Number of Substrings Containing All Three Characters|Medium|number-of-substrings-containing-all-three-characters|hash-table, string, sliding-window|
1359|Count All Valid Pickup and Delivery Options|Hard|count-all-valid-pickup-and-delivery-options|math, dynamic-programming, combinatorics|
1360|Number of Days Between Two Dates|Easy|number-of-days-between-two-dates|math, string|
1361|Validate Binary Tree Nodes|Medium|validate-binary-tree-nodes|tree, depthfirst-search, breadthfirst-search, union-find, graph, binary-tree|
1362|Closest Divisors|Medium|closest-divisors|math|
1363|Largest Multiple of Three|Hard|largest-multiple-of-three|array, math, dynamic-programming, greedy, sorting|
1365|How Many Numbers Are Smaller Than the Current Number|Easy|how-many-numbers-are-smaller-than-the-current-number|array, hash-table, sorting, counting-sort|
1366|Rank Teams by Votes|Medium|rank-teams-by-votes|array, hash-table, string, sorting, counting|
1367|Linked List in Binary Tree|Medium|linked-list-in-binary-tree|linked-list, tree, depthfirst-search, binary-tree|
1368|Minimum Cost to Make at Least One Valid Path in a Grid|Hard|minimum-cost-to-make-at-least-one-valid-path-in-a-grid|array, breadthfirst-search, graph, heap-priority-queue, matrix, shortest-path|
1370|Increasing Decreasing String|Easy|increasing-decreasing-string|hash-table, string, counting|
1371|Find the Longest Substring Containing Vowels in Even Counts|Medium|find-the-longest-substring-containing-vowels-in-even-counts|hash-table, string, bit-manipulation, prefix-sum|
1372|Longest ZigZag Path in a Binary Tree|Medium|longest-zigzag-path-in-a-binary-tree|dynamic-programming, tree, depthfirst-search, binary-tree|
1373|Maximum Sum BST in Binary Tree|Hard|maximum-sum-bst-in-binary-tree|dynamic-programming, tree, depthfirst-search, binary-search-tree, binary-tree|
1374|Generate a String With Characters That Have Odd Counts|Easy|generate-a-string-with-characters-that-have-odd-counts|string|
1375|Number of Times Binary String Is Prefix-Aligned|Medium|number-of-times-binary-string-is-prefix-aligned|array|
1376|Time Needed to Inform All Employees|Medium|time-needed-to-inform-all-employees|tree, depthfirst-search, breadthfirst-search|
1377|Frog Position After T Seconds|Hard|frog-position-after-t-seconds|tree, depthfirst-search, breadthfirst-search, graph|
1378|Replace Employee ID With The Unique Identifier|Easy|replace-employee-id-with-the-unique-identifier|database|
1379|Find a Corresponding Node of a Binary Tree in a Clone of That Tree|Easy|find-a-corresponding-node-of-a-binary-tree-in-a-clone-of-that-tree|tree, depthfirst-search, breadthfirst-search, binary-tree|
1380|Lucky Numbers in a Matrix|Easy|lucky-numbers-in-a-matrix|array, matrix|
1381|Design a Stack With Increment Operation|Medium|design-a-stack-with-increment-operation|array, stack, design|
1382|Balance a Binary Search Tree|Medium|balance-a-binary-search-tree|divide-and-conquer, greedy, tree, depthfirst-search, binary-search-tree, binary-tree|
1383|Maximum Performance of a Team|Hard|maximum-performance-of-a-team|array, greedy, sorting, heap-priority-queue|
1385|Find the Distance Value Between Two Arrays|Easy|find-the-distance-value-between-two-arrays|array, two-pointers, binary-search, sorting|
1386|Cinema Seat Allocation|Medium|cinema-seat-allocation|array, hash-table, greedy, bit-manipulation|
1387|Sort Integers by The Power Value|Medium|sort-integers-by-the-power-value|dynamic-programming, memoization, sorting|
1388|Pizza With 3n Slices|Hard|pizza-with-3n-slices|array, dynamic-programming, greedy, heap-priority-queue|
1389|Create Target Array in the Given Order|Easy|create-target-array-in-the-given-order|array, simulation|
1390|Four Divisors|Medium|four-divisors|array, math|
1391|Check if There is a Valid Path in a Grid|Medium|check-if-there-is-a-valid-path-in-a-grid|array, depthfirst-search, breadthfirst-search, union-find, matrix|
1392|Longest Happy Prefix|Hard|longest-happy-prefix|string, rolling-hash, string-matching, hash-function|
1393|Capital Gain/Loss|Medium|capital-gainloss|database|
1394|Find Lucky Integer in an Array|Easy|find-lucky-integer-in-an-array|array, hash-table, counting|
1395|Count Number of Teams|Medium|count-number-of-teams|array, dynamic-programming, binary-indexed-tree, segment-tree|
1396|Design Underground System|Medium|design-underground-system|hash-table, string, design|
1397|Find All Good Strings|Hard|find-all-good-strings|string, dynamic-programming, string-matching|
1399|Count Largest Group|Easy|count-largest-group|hash-table, math|
1400|Construct K Palindrome Strings|Medium|construct-k-palindrome-strings|hash-table, string, greedy, counting|
1401|Circle and Rectangle Overlapping|Medium|circle-and-rectangle-overlapping|math, geometry|
1402|Reducing Dishes|Hard|reducing-dishes|array, dynamic-programming, greedy, sorting|
1403|Minimum Subsequence in Non-Increasing Order|Easy|minimum-subsequence-in-non-increasing-order|array, greedy, sorting|
1404|Number of Steps to Reduce a Number in Binary Representation to One|Medium|number-of-steps-to-reduce-a-number-in-binary-representation-to-one|string, bit-manipulation, simulation|
1405|Longest Happy String|Medium|longest-happy-string|string, greedy, heap-priority-queue|
1406|Stone Game III|Hard|stone-game-iii|array, math, dynamic-programming, game-theory|
1407|Top Travellers|Easy|top-travellers|database|
1408|String Matching in an Array|Easy|string-matching-in-an-array|array, string, string-matching|
1409|Queries on a Permutation With Key|Medium|queries-on-a-permutation-with-key|array, binary-indexed-tree, simulation|
1410|HTML Entity Parser|Medium|html-entity-parser|hash-table, string|
1411|Number of Ways to Paint N × 3 Grid|Hard|number-of-ways-to-paint-n-3-grid|dynamic-programming|
1413|Minimum Value to Get Positive Step by Step Sum|Easy|minimum-value-to-get-positive-step-by-step-sum|array, prefix-sum|
1414|Find the Minimum Number of Fibonacci Numbers Whose Sum Is K|Medium|find-the-minimum-number-of-fibonacci-numbers-whose-sum-is-k|math, greedy|
1415|The k-th Lexicographical String of All Happy Strings of Length n|Medium|the-k-th-lexicographical-string-of-all-happy-strings-of-length-n|string, backtracking|
1416|Restore The Array|Hard|restore-the-array|string, dynamic-programming|
1417|Reformat The String|Easy|reformat-the-string|string|
1418|Display Table of Food Orders in a Restaurant|Medium|display-table-of-food-orders-in-a-restaurant|array, hash-table, string, sorting, ordered-set|
1419|Minimum Number of Frogs Croaking|Medium|minimum-number-of-frogs-croaking|string, counting|
1420|Build Array Where You Can Find The Maximum Exactly K Comparisons|Hard|build-array-where-you-can-find-the-maximum-exactly-k-comparisons|dynamic-programming, prefix-sum|
1422|Maximum Score After Splitting a String|Easy|maximum-score-after-splitting-a-string|string, prefix-sum|
1423|Maximum Points You Can Obtain from Cards|Medium|maximum-points-you-can-obtain-from-cards|array, sliding-window, prefix-sum|
1424|Diagonal Traverse II|Medium|diagonal-traverse-ii|array, sorting, heap-priority-queue|
1425|Constrained Subsequence Sum|Hard|constrained-subsequence-sum|array, dynamic-programming, queue, sliding-window, heap-priority-queue, monotonic-queue|
1431|Kids With the Greatest Number of Candies|Easy|kids-with-the-greatest-number-of-candies|array|
1432|Max Difference You Can Get From Changing an Integer|Medium|max-difference-you-can-get-from-changing-an-integer|math, greedy|
1433|Check If a String Can Break Another String|Medium|check-if-a-string-can-break-another-string|string, greedy, sorting|
1434|Number of Ways to Wear Different Hats to Each Other|Hard|number-of-ways-to-wear-different-hats-to-each-other|array, dynamic-programming, bit-manipulation, bitmask|
1436|Destination City|Easy|destination-city|array, hash-table, string|
1437|Check If All 1's Are at Least Length K Places Away|Easy|check-if-all-1s-are-at-least-length-k-places-away|array|
1438|Longest Continuous Subarray With Absolute Diff Less Than or Equal to Limit|Medium|longest-continuous-subarray-with-absolute-diff-less-than-or-equal-to-limit|array, queue, sliding-window, heap-priority-queue, ordered-set, monotonic-queue|
1439|Find the Kth Smallest Sum of a Matrix With Sorted Rows|Hard|find-the-kth-smallest-sum-of-a-matrix-with-sorted-rows|array, binary-search, heap-priority-queue, matrix|
1441|Build an Array With Stack Operations|Medium|build-an-array-with-stack-operations|array, stack, simulation|
1442|Count Triplets That Can Form Two Arrays of Equal XOR|Medium|count-triplets-that-can-form-two-arrays-of-equal-xor|array, hash-table, math, bit-manipulation, prefix-sum|
1443|Minimum Time to Collect All Apples in a Tree|Medium|minimum-time-to-collect-all-apples-in-a-tree|hash-table, tree, depthfirst-search, breadthfirst-search|
1444|Number of Ways of Cutting a Pizza|Hard|number-of-ways-of-cutting-a-pizza|array, dynamic-programming, memoization, matrix, prefix-sum|
1446|Consecutive Characters|Easy|consecutive-characters|string|
1447|Simplified Fractions|Medium|simplified-fractions|math, string, number-theory|
1448|Count Good Nodes in Binary Tree|Medium|count-good-nodes-in-binary-tree|tree, depthfirst-search, breadthfirst-search, binary-tree|
1449|Form Largest Integer With Digits That Add up to Target|Hard|form-largest-integer-with-digits-that-add-up-to-target|array, dynamic-programming|
1450|Number of Students Doing Homework at a Given Time|Easy|number-of-students-doing-homework-at-a-given-time|array|
1451|Rearrange Words in a Sentence|Medium|rearrange-words-in-a-sentence|string, sorting|
1452|People Whose List of Favorite Companies Is Not a Subset of Another List|Medium|people-whose-list-of-favorite-companies-is-not-a-subset-of-another-list|array, hash-table, string|
1453|Maximum Number of Darts Inside of a Circular Dartboard|Hard|maximum-number-of-darts-inside-of-a-circular-dartboard|array, math, geometry|
1455|Check If a Word Occurs As a Prefix of Any Word in a Sentence|Easy|check-if-a-word-occurs-as-a-prefix-of-any-word-in-a-sentence|two-pointers, string, string-matching|
1456|Maximum Number of Vowels in a Substring of Given Length|Medium|maximum-number-of-vowels-in-a-substring-of-given-length|string, sliding-window|
1457|Pseudo-Palindromic Paths in a Binary Tree|Medium|pseudo-palindromic-paths-in-a-binary-tree|bit-manipulation, tree, depthfirst-search, breadthfirst-search, binary-tree|
1458|Max Dot Product of Two Subsequences|Hard|max-dot-product-of-two-subsequences|array, dynamic-programming|
1460|Make Two Arrays Equal by Reversing Subarrays|Easy|make-two-arrays-equal-by-reversing-subarrays|array, hash-table, sorting|
1461|Check If a String Contains All Binary Codes of Size K|Medium|check-if-a-string-contains-all-binary-codes-of-size-k|hash-table, string, bit-manipulation, rolling-hash, hash-function|
1462|Course Schedule IV|Medium|course-schedule-iv|depthfirst-search, breadthfirst-search, graph, topological-sort|
1463|Cherry Pickup II|Hard|cherry-pickup-ii|array, dynamic-programming, matrix|
1464|Maximum Product of Two Elements in an Array|Easy|maximum-product-of-two-elements-in-an-array|array, sorting, heap-priority-queue|
1465|Maximum Area of a Piece of Cake After Horizontal and Vertical Cuts|Medium|maximum-area-of-a-piece-of-cake-after-horizontal-and-vertical-cuts|array, greedy, sorting|
1466|Reorder Routes to Make All Paths Lead to the City Zero|Medium|reorder-routes-to-make-all-paths-lead-to-the-city-zero|depthfirst-search, breadthfirst-search, graph|
1467|Probability of a Two Boxes Having The Same Number of Distinct Balls|Hard|probability-of-a-two-boxes-having-the-same-number-of-distinct-balls|array, math, dynamic-programming, backtracking, combinatorics, probability-and-statistics|
1470|Shuffle the Array|Easy|shuffle-the-array|array|
1471|The k Strongest Values in an Array|Medium|the-k-strongest-values-in-an-array|array, two-pointers, sorting|
1472|Design Browser History|Medium|design-browser-history|array, linked-list, stack, design, doublylinked-list, data-stream|
1473|Paint House III|Hard|paint-house-iii|array, dynamic-programming|
1475|Final Prices With a Special Discount in a Shop|Easy|final-prices-with-a-special-discount-in-a-shop|array, stack, monotonic-stack|
1476|Subrectangle Queries|Medium|subrectangle-queries|array, design, matrix|
1477|Find Two Non-overlapping Sub-arrays Each With Target Sum|Medium|find-two-non-overlapping-sub-arrays-each-with-target-sum|array, hash-table, binary-search, dynamic-programming, sliding-window|
1478|Allocate Mailboxes|Hard|allocate-mailboxes|array, math, dynamic-programming, sorting|
1480|Running Sum of 1d Array|Easy|running-sum-of-1d-array|array, prefix-sum|
1481|Least Number of Unique Integers after K Removals|Medium|least-number-of-unique-integers-after-k-removals|array, hash-table, greedy, sorting, counting|
1482|Minimum Number of Days to Make m Bouquets|Medium|minimum-number-of-days-to-make-m-bouquets|array, binary-search|
1483|Kth Ancestor of a Tree Node|Hard|kth-ancestor-of-a-tree-node|binary-search, dynamic-programming, tree, depthfirst-search, breadthfirst-search, design|
1484|Group Sold Products By The Date|Easy|group-sold-products-by-the-date|database|
1486|XOR Operation in an Array|Easy|xor-operation-in-an-array|math, bit-manipulation|
1487|Making File Names Unique|Medium|making-file-names-unique|array, hash-table, string|
1488|Avoid Flood in The City|Medium|avoid-flood-in-the-city|array, hash-table, binary-search, greedy, heap-priority-queue|
1489|Find Critical and Pseudo-Critical Edges in Minimum Spanning Tree|Hard|find-critical-and-pseudo-critical-edges-in-minimum-spanning-tree|union-find, graph, sorting, minimum-spanning-tree, strongly-connected-component|
1491|Average Salary Excluding the Minimum and Maximum Salary|Easy|average-salary-excluding-the-minimum-and-maximum-salary|array, sorting|
1492|The kth Factor of n|Medium|the-kth-factor-of-n|math, number-theory|
1493|Longest Subarray of 1's After Deleting One Element|Medium|longest-subarray-of-1s-after-deleting-one-element|array, dynamic-programming, sliding-window|
1494|Parallel Courses II|Hard|parallel-courses-ii|dynamic-programming, bit-manipulation, graph, bitmask|
1496|Path Crossing|Easy|path-crossing|hash-table, string|
1497|Check If Array Pairs Are Divisible by k|Medium|check-if-array-pairs-are-divisible-by-k|array, hash-table, counting|
1498|Number of Subsequences That Satisfy the Given Sum Condition|Medium|number-of-subsequences-that-satisfy-the-given-sum-condition|array, two-pointers, binary-search, sorting|
1499|Max Value of Equation|Hard|max-value-of-equation|array, queue, sliding-window, heap-priority-queue, monotonic-queue|
1502|Can Make Arithmetic Progression From Sequence|Easy|can-make-arithmetic-progression-from-sequence|array, sorting|
1503|Last Moment Before All Ants Fall Out of a Plank|Medium|last-moment-before-all-ants-fall-out-of-a-plank|array, brainteaser, simulation|
1504|Count Submatrices With All Ones|Medium|count-submatrices-with-all-ones|array, dynamic-programming, stack, matrix, monotonic-stack|
1505|Minimum Possible Integer After at Most K Adjacent Swaps On Digits|Hard|minimum-possible-integer-after-at-most-k-adjacent-swaps-on-digits|string, greedy, binary-indexed-tree, segment-tree|
1507|Reformat Date|Easy|reformat-date|string|
1508|Range Sum of Sorted Subarray Sums|Medium|range-sum-of-sorted-subarray-sums|array, two-pointers, binary-search, sorting, prefix-sum|
1509|Minimum Difference Between Largest and Smallest Value in Three Moves|Medium|minimum-difference-between-largest-and-smallest-value-in-three-moves|array, greedy, sorting|
1510|Stone Game IV|Hard|stone-game-iv|math, dynamic-programming, game-theory|
1512|Number of Good Pairs|Easy|number-of-good-pairs|array, hash-table, math, counting|
1513|Number of Substrings With Only 1s|Medium|number-of-substrings-with-only-1s|math, string|
1514|Path with Maximum Probability|Medium|path-with-maximum-probability|array, graph, heap-priority-queue, shortest-path|
1515|Best Position for a Service Centre|Hard|best-position-for-a-service-centre|array, math, geometry, randomized|
1517|Find Users With Valid E-Mails|Easy|find-users-with-valid-e-mails|database|
1518|Water Bottles|Easy|water-bottles|math, simulation|
1519|Number of Nodes in the Sub-Tree With the Same Label|Medium|number-of-nodes-in-the-sub-tree-with-the-same-label|hash-table, tree, depthfirst-search, breadthfirst-search, counting|
1520|Maximum Number of Non-Overlapping Substrings|Hard|maximum-number-of-non-overlapping-substrings|string, greedy|
1521|Find a Value of a Mysterious Function Closest to Target|Hard|find-a-value-of-a-mysterious-function-closest-to-target|array, binary-search, bit-manipulation, segment-tree|
1523|Count Odd Numbers in an Interval Range|Easy|count-odd-numbers-in-an-interval-range|math|
1524|Number of Sub-arrays With Odd Sum|Medium|number-of-sub-arrays-with-odd-sum|array, math, dynamic-programming, prefix-sum|
1525|Number of Good Ways to Split a String|Medium|number-of-good-ways-to-split-a-string|hash-table, string, dynamic-programming, bit-manipulation|
1526|Minimum Number of Increments on Subarrays to Form a Target Array|Hard|minimum-number-of-increments-on-subarrays-to-form-a-target-array|array, dynamic-programming, stack, greedy, monotonic-stack|
1527|Patients With a Condition|Easy|patients-with-a-condition|database|
1528|Shuffle String|Easy|shuffle-string|array, string|
1529|Minimum Suffix Flips|Medium|minimum-suffix-flips|string, greedy|
1530|Number of Good Leaf Nodes Pairs|Medium|number-of-good-leaf-nodes-pairs|tree, depthfirst-search, binary-tree|
1531|String Compression II|Hard|string-compression-ii|string, dynamic-programming|
1534|Count Good Triplets|Easy|count-good-triplets|array, enumeration|
1535|Find the Winner of an Array Game|Medium|find-the-winner-of-an-array-game|array, simulation|
1536|Minimum Swaps to Arrange a Binary Grid|Medium|minimum-swaps-to-arrange-a-binary-grid|array, greedy, matrix|
1537|Get the Maximum Score|Hard|get-the-maximum-score|array, two-pointers, dynamic-programming, greedy|
1539|Kth Missing Positive Number|Easy|kth-missing-positive-number|array, binary-search|
1540|Can Convert String in K Moves|Medium|can-convert-string-in-k-moves|hash-table, string|
1541|Minimum Insertions to Balance a Parentheses String|Medium|minimum-insertions-to-balance-a-parentheses-string|string, stack, greedy|
1542|Find Longest Awesome Substring|Hard|find-longest-awesome-substring|hash-table, string, bit-manipulation|
1544|Make The String Great|Easy|make-the-string-great|string, stack|
1545|Find Kth Bit in Nth Binary String|Medium|find-kth-bit-in-nth-binary-string|string, recursion, simulation|
1546|Maximum Number of Non-Overlapping Subarrays With Sum Equals Target|Medium|maximum-number-of-non-overlapping-subarrays-with-sum-equals-target|array, hash-table, greedy, prefix-sum|
1547|Minimum Cost to Cut a Stick|Hard|minimum-cost-to-cut-a-stick|array, dynamic-programming, sorting|
1550|Three Consecutive Odds|Easy|three-consecutive-odds|array|
1551|Minimum Operations to Make Array Equal|Medium|minimum-operations-to-make-array-equal|math|
1552|Magnetic Force Between Two Balls|Medium|magnetic-force-between-two-balls|array, binary-search, sorting|
1553|Minimum Number of Days to Eat N Oranges|Hard|minimum-number-of-days-to-eat-n-oranges|dynamic-programming, memoization|
1556|Thousand Separator|Easy|thousand-separator|string|
1557|Minimum Number of Vertices to Reach All Nodes|Medium|minimum-number-of-vertices-to-reach-all-nodes|graph|
1558|Minimum Numbers of Function Calls to Make Target Array|Medium|minimum-numbers-of-function-calls-to-make-target-array|array, greedy, bit-manipulation|
1559|Detect Cycles in 2D Grid|Medium|detect-cycles-in-2d-grid|array, depthfirst-search, breadthfirst-search, union-find, matrix|
1560|Most Visited Sector in  a Circular Track|Easy|most-visited-sector-in-a-circular-track|array, simulation|
1561|Maximum Number of Coins You Can Get|Medium|maximum-number-of-coins-you-can-get|array, math, greedy, sorting, game-theory|
1562|Find Latest Group of Size M|Medium|find-latest-group-of-size-m|array, hash-table, binary-search, simulation|
1563|Stone Game V|Hard|stone-game-v|array, math, dynamic-programming, game-theory|
1566|Detect Pattern of Length M Repeated K or More Times|Easy|detect-pattern-of-length-m-repeated-k-or-more-times|array, enumeration|
1567|Maximum Length of Subarray With Positive Product|Medium|maximum-length-of-subarray-with-positive-product|array, dynamic-programming, greedy|
1568|Minimum Number of Days to Disconnect Island|Hard|minimum-number-of-days-to-disconnect-island|array, depthfirst-search, breadthfirst-search, matrix, strongly-connected-component|
1569|Number of Ways to Reorder Array to Get Same BST|Hard|number-of-ways-to-reorder-array-to-get-same-bst|array, math, divide-and-conquer, dynamic-programming, tree, union-find, binary-search-tree, memoization, combinatorics, binary-tree|
1572|Matrix Diagonal Sum|Easy|matrix-diagonal-sum|array, matrix|
1573|Number of Ways to Split a String|Medium|number-of-ways-to-split-a-string|math, string|
1574|Shortest Subarray to be Removed to Make Array Sorted|Medium|shortest-subarray-to-be-removed-to-make-array-sorted|array, two-pointers, binary-search, stack, monotonic-stack|
1575|Count All Possible Routes|Hard|count-all-possible-routes|array, dynamic-programming, memoization|
1576|Replace All ?'s to Avoid Consecutive Repeating Characters|Easy|replace-all-s-to-avoid-consecutive-repeating-characters|string|
1577|Number of Ways Where Square of Number Is Equal to Product of Two Numbers|Medium|number-of-ways-where-square-of-number-is-equal-to-product-of-two-numbers|array, hash-table, math, two-pointers|
1578|Minimum Time to Make Rope Colorful|Medium|minimum-time-to-make-rope-colorful|array, string, dynamic-programming, greedy|
1579|Remove Max Number of Edges to Keep Graph Fully Traversable|Hard|remove-max-number-of-edges-to-keep-graph-fully-traversable|union-find, graph|
1581|Customer Who Visited but Did Not Make Any Transactions|Easy|customer-who-visited-but-did-not-make-any-transactions|database|
1582|Special Positions in a Binary Matrix|Easy|special-positions-in-a-binary-matrix|array, matrix|
1583|Count Unhappy Friends|Medium|count-unhappy-friends|array, simulation|
1584|Min Cost to Connect All Points|Medium|min-cost-to-connect-all-points|array, union-find, graph, minimum-spanning-tree|
1585|Check If String Is Transformable With Substring Sort Operations|Hard|check-if-string-is-transformable-with-substring-sort-operations|string, greedy, sorting|
1587|Bank Account Summary II|Easy|bank-account-summary-ii|database|
1588|Sum of All Odd Length Subarrays|Easy|sum-of-all-odd-length-subarrays|array, math, prefix-sum|
1589|Maximum Sum Obtained of Any Permutation|Medium|maximum-sum-obtained-of-any-permutation|array, greedy, sorting, prefix-sum|
1590|Make Sum Divisible by P|Medium|make-sum-divisible-by-p|array, hash-table, prefix-sum|
1591|Strange Printer II|Hard|strange-printer-ii|array, graph, topological-sort, matrix|
1592|Rearrange Spaces Between Words|Easy|rearrange-spaces-between-words|string|
1593|Split a String Into the Max Number of Unique Substrings|Medium|split-a-string-into-the-max-number-of-unique-substrings|hash-table, string, backtracking|
1594|Maximum Non Negative Product in a Matrix|Medium|maximum-non-negative-product-in-a-matrix|array, dynamic-programming, matrix|
1595|Minimum Cost to Connect Two Groups of Points|Hard|minimum-cost-to-connect-two-groups-of-points|array, dynamic-programming, bit-manipulation, matrix, bitmask|
1598|Crawler Log Folder|Easy|crawler-log-folder|array, string, stack|
1599|Maximum Profit of Operating a Centennial Wheel|Medium|maximum-profit-of-operating-a-centennial-wheel|array, simulation|
1600|Throne Inheritance|Medium|throne-inheritance|hash-table, tree, depthfirst-search, design|
1601|Maximum Number of Achievable Transfer Requests|Hard|maximum-number-of-achievable-transfer-requests|array, backtracking, bit-manipulation, enumeration|
1603|Design Parking System|Easy|design-parking-system|design, simulation, counting|
1604|Alert Using Same Key-Card Three or More Times in a One Hour Period|Medium|alert-using-same-key-card-three-or-more-times-in-a-one-hour-period|array, hash-table, string, sorting|
1605|Find Valid Matrix Given Row and Column Sums|Medium|find-valid-matrix-given-row-and-column-sums|array, greedy, matrix|
1606|Find Servers That Handled Most Number of Requests|Hard|find-servers-that-handled-most-number-of-requests|array, greedy, heap-priority-queue, ordered-set|
1608|Special Array With X Elements Greater Than or Equal X|Easy|special-array-with-x-elements-greater-than-or-equal-x|array, binary-search, sorting|
1609|Even Odd Tree|Medium|even-odd-tree|tree, breadthfirst-search, binary-tree|
1610|Maximum Number of Visible Points|Hard|maximum-number-of-visible-points|array, math, geometry, sliding-window, sorting|
1611|Minimum One Bit Operations to Make Integers Zero|Hard|minimum-one-bit-operations-to-make-integers-zero|dynamic-programming, bit-manipulation, memoization|
1614|Maximum Nesting Depth of the Parentheses|Easy|maximum-nesting-depth-of-the-parentheses|string, stack|
1615|Maximal Network Rank|Medium|maximal-network-rank|graph|
1616|Split Two Strings to Make Palindrome|Medium|split-two-strings-to-make-palindrome|two-pointers, string|
1617|Count Subtrees With Max Distance Between Cities|Hard|count-subtrees-with-max-distance-between-cities|dynamic-programming, bit-manipulation, tree, enumeration, bitmask|
1619|Mean of Array After Removing Some Elements|Easy|mean-of-array-after-removing-some-elements|array, sorting|
1620|Coordinate With Maximum Network Quality|Medium|coordinate-with-maximum-network-quality|array, enumeration|
1621|Number of Sets of K Non-Overlapping Line Segments|Medium|number-of-sets-of-k-non-overlapping-line-segments|math, dynamic-programming, combinatorics|
1622|Fancy Sequence|Hard|fancy-sequence|math, design, segment-tree|
1624|Largest Substring Between Two Equal Characters|Easy|largest-substring-between-two-equal-characters|hash-table, string|
1625|Lexicographically Smallest String After Applying Operations|Medium|lexicographically-smallest-string-after-applying-operations|string, depthfirst-search, breadthfirst-search, enumeration|
1626|Best Team With No Conflicts|Medium|best-team-with-no-conflicts|array, dynamic-programming, sorting|
1627|Graph Connectivity With Threshold|Hard|graph-connectivity-with-threshold|array, math, union-find, number-theory|
1629|Slowest Key|Easy|slowest-key|array, string|
1630|Arithmetic Subarrays|Medium|arithmetic-subarrays|array, hash-table, sorting|
1631|Path With Minimum Effort|Medium|path-with-minimum-effort|array, binary-search, depthfirst-search, breadthfirst-search, union-find, heap-priority-queue, matrix|
1632|Rank Transform of a Matrix|Hard|rank-transform-of-a-matrix|array, union-find, graph, topological-sort, sorting, matrix|
1633|Percentage of Users Attended a Contest|Easy|percentage-of-users-attended-a-contest|database|
1636|Sort Array by Increasing Frequency|Easy|sort-array-by-increasing-frequency|array, hash-table, sorting|
1637|Widest Vertical Area Between Two Points Containing No Points|Easy|widest-vertical-area-between-two-points-containing-no-points|array, sorting|
1638|Count Substrings That Differ by One Character|Medium|count-substrings-that-differ-by-one-character|hash-table, string, dynamic-programming, enumeration|
1639|Number of Ways to Form a Target String Given a Dictionary|Hard|number-of-ways-to-form-a-target-string-given-a-dictionary|array, string, dynamic-programming|
1640|Check Array Formation Through Concatenation|Easy|check-array-formation-through-concatenation|array, hash-table|
1641|Count Sorted Vowel Strings|Medium|count-sorted-vowel-strings|math, dynamic-programming, combinatorics|
1642|Furthest Building You Can Reach|Medium|furthest-building-you-can-reach|array, greedy, heap-priority-queue|
1643|Kth Smallest Instructions|Hard|kth-smallest-instructions|array, math, dynamic-programming, combinatorics|
1646|Get Maximum in Generated Array|Easy|get-maximum-in-generated-array|array, simulation|
1647|Minimum Deletions to Make Character Frequencies Unique|Medium|minimum-deletions-to-make-character-frequencies-unique|hash-table, string, greedy, sorting|
1648|Sell Diminishing-Valued Colored Balls|Medium|sell-diminishing-valued-colored-balls|array, math, binary-search, greedy, sorting, heap-priority-queue|
1649|Create Sorted Array through Instructions|Hard|create-sorted-array-through-instructions|array, binary-search, divide-and-conquer, binary-indexed-tree, segment-tree, merge-sort, ordered-set|
1652|Defuse the Bomb|Easy|defuse-the-bomb|array, sliding-window|
1653|Minimum Deletions to Make String Balanced|Medium|minimum-deletions-to-make-string-balanced|string, dynamic-programming, stack|
1654|Minimum Jumps to Reach Home|Medium|minimum-jumps-to-reach-home|array, dynamic-programming, breadthfirst-search|
1655|Distribute Repeating Integers|Hard|distribute-repeating-integers|array, dynamic-programming, backtracking, bit-manipulation, bitmask|
1656|Design an Ordered Stream|Easy|design-an-ordered-stream|array, hash-table, design, data-stream|
1657|Determine if Two Strings Are Close|Medium|determine-if-two-strings-are-close|hash-table, string, sorting, counting|
1658|Minimum Operations to Reduce X to Zero|Medium|minimum-operations-to-reduce-x-to-zero|array, hash-table, binary-search, sliding-window, prefix-sum|
1659|Maximize Grid Happiness|Hard|maximize-grid-happiness|dynamic-programming, bit-manipulation, memoization, bitmask|
1661|Average Time of Process per Machine|Easy|average-time-of-process-per-machine|database|
1662|Check If Two String Arrays are Equivalent|Easy|check-if-two-string-arrays-are-equivalent|array, string|
1663|Smallest String With A Given Numeric Value|Medium|smallest-string-with-a-given-numeric-value|string, greedy|
1664|Ways to Make a Fair Array|Medium|ways-to-make-a-fair-array|array, prefix-sum|
1665|Minimum Initial Energy to Finish Tasks|Hard|minimum-initial-energy-to-finish-tasks|array, greedy, sorting|
1667|Fix Names in a Table|Easy|fix-names-in-a-table|database|
1668|Maximum Repeating Substring|Easy|maximum-repeating-substring|string, dynamic-programming, string-matching|
1669|Merge In Between Linked Lists|Medium|merge-in-between-linked-lists|linked-list|
1670|Design Front Middle Back Queue|Medium|design-front-middle-back-queue|array, linked-list, design, queue, data-stream|
1671|Minimum Number of Removals to Make Mountain Array|Hard|minimum-number-of-removals-to-make-mountain-array|array, binary-search, dynamic-programming, greedy|
1672|Richest Customer Wealth|Easy|richest-customer-wealth|array, matrix|
1673|Find the Most Competitive Subsequence|Medium|find-the-most-competitive-subsequence|array, stack, greedy, monotonic-stack|
1674|Minimum Moves to Make Array Complementary|Medium|minimum-moves-to-make-array-complementary|array, hash-table, prefix-sum|
1675|Minimize Deviation in Array|Hard|minimize-deviation-in-array|array, greedy, heap-priority-queue, ordered-set|
1678|Goal Parser Interpretation|Easy|goal-parser-interpretation|string|
1679|Max Number of K-Sum Pairs|Medium|max-number-of-k-sum-pairs|array, hash-table, two-pointers, sorting|
1680|Concatenation of Consecutive Binary Numbers|Medium|concatenation-of-consecutive-binary-numbers|math, bit-manipulation, simulation|
1681|Minimum Incompatibility|Hard|minimum-incompatibility|array, dynamic-programming, bit-manipulation, bitmask|
1683|Invalid Tweets|Easy|invalid-tweets|database|
1684|Count the Number of Consistent Strings|Easy|count-the-number-of-consistent-strings|array, hash-table, string, bit-manipulation, counting|
1685|Sum of Absolute Differences in a Sorted Array|Medium|sum-of-absolute-differences-in-a-sorted-array|array, math, prefix-sum|
1686|Stone Game VI|Medium|stone-game-vi|array, math, greedy, sorting, heap-priority-queue, game-theory|
1687|Delivering Boxes from Storage to Ports|Hard|delivering-boxes-from-storage-to-ports|array, dynamic-programming, segment-tree, queue, heap-priority-queue, prefix-sum, monotonic-queue|
1688|Count of Matches in Tournament|Easy|count-of-matches-in-tournament|math, simulation|
1689|Partitioning Into Minimum Number Of Deci-Binary Numbers|Medium|partitioning-into-minimum-number-of-deci-binary-numbers|string, greedy|
1690|Stone Game VII|Medium|stone-game-vii|array, math, dynamic-programming, game-theory|
1691|Maximum Height by Stacking Cuboids |Hard|maximum-height-by-stacking-cuboids|array, dynamic-programming, sorting|
1693|Daily Leads and Partners|Easy|daily-leads-and-partners|database|
1694|Reformat Phone Number|Easy|reformat-phone-number|string|
1695|Maximum Erasure Value|Medium|maximum-erasure-value|array, hash-table, sliding-window|
1696|Jump Game VI|Medium|jump-game-vi|array, dynamic-programming, queue, heap-priority-queue, monotonic-queue|
1697|Checking Existence of Edge Length Limited Paths|Hard|checking-existence-of-edge-length-limited-paths|array, two-pointers, union-find, graph, sorting|
1700|Number of Students Unable to Eat Lunch|Easy|number-of-students-unable-to-eat-lunch|array, stack, queue, simulation|
1701|Average Waiting Time|Medium|average-waiting-time|array, simulation|
1702|Maximum Binary String After Change|Medium|maximum-binary-string-after-change|string, greedy|
1703|Minimum Adjacent Swaps for K Consecutive Ones|Hard|minimum-adjacent-swaps-for-k-consecutive-ones|array, greedy, sliding-window, prefix-sum|
1704|Determine if String Halves Are Alike|Easy|determine-if-string-halves-are-alike|string, counting|
1705|Maximum Number of Eaten Apples|Medium|maximum-number-of-eaten-apples|array, greedy, heap-priority-queue|
1706|Where Will the Ball Fall|Medium|where-will-the-ball-fall|array, matrix, simulation|
1707|Maximum XOR With an Element From Array|Hard|maximum-xor-with-an-element-from-array|array, bit-manipulation, trie|
1710|Maximum Units on a Truck|Easy|maximum-units-on-a-truck|array, greedy, sorting|
1711|Count Good Meals|Medium|count-good-meals|array, hash-table|
1712|Ways to Split Array Into Three Subarrays|Medium|ways-to-split-array-into-three-subarrays|array, two-pointers, binary-search, prefix-sum|
1713|Minimum Operations to Make a Subsequence|Hard|minimum-operations-to-make-a-subsequence|array, hash-table, binary-search, greedy|
1716|Calculate Money in Leetcode Bank|Easy|calculate-money-in-leetcode-bank|math|
1717|Maximum Score From Removing Substrings|Medium|maximum-score-from-removing-substrings|string, stack, greedy|
1718|Construct the Lexicographically Largest Valid Sequence|Medium|construct-the-lexicographically-largest-valid-sequence|array, backtracking|
1719|Number Of Ways To Reconstruct A Tree|Hard|number-of-ways-to-reconstruct-a-tree|tree, graph|
1720|Decode XORed Array|Easy|decode-xored-array|array, bit-manipulation|
1721|Swapping Nodes in a Linked List|Medium|swapping-nodes-in-a-linked-list|linked-list, two-pointers|
1722|Minimize Hamming Distance After Swap Operations|Medium|minimize-hamming-distance-after-swap-operations|array, depthfirst-search, union-find|
1723|Find Minimum Time to Finish All Jobs|Hard|find-minimum-time-to-finish-all-jobs|array, dynamic-programming, backtracking, bit-manipulation, bitmask|
1725|Number Of Rectangles That Can Form The Largest Square|Easy|number-of-rectangles-that-can-form-the-largest-square|array|
1726|Tuple with Same Product|Medium|tuple-with-same-product|array, hash-table, counting|
1727|Largest Submatrix With Rearrangements|Medium|largest-submatrix-with-rearrangements|array, greedy, sorting, matrix|
1728|Cat and Mouse II|Hard|cat-and-mouse-ii|array, math, dynamic-programming, graph, topological-sort, memoization, matrix, game-theory|
1729|Find Followers Count|Easy|find-followers-count|database|
1731|The Number of Employees Which Report to Each Employee|Easy|the-number-of-employees-which-report-to-each-employee|database|
1732|Find the Highest Altitude|Easy|find-the-highest-altitude|array, prefix-sum|
1733|Minimum Number of People to Teach|Medium|minimum-number-of-people-to-teach|array, hash-table, greedy|
1734|Decode XORed Permutation|Medium|decode-xored-permutation|array, bit-manipulation|
1735|Count Ways to Make Array With Product|Hard|count-ways-to-make-array-with-product|array, math, dynamic-programming, combinatorics, number-theory|
1736|Latest Time by Replacing Hidden Digits|Easy|latest-time-by-replacing-hidden-digits|string, greedy|
1737|Change Minimum Characters to Satisfy One of Three Conditions|Medium|change-minimum-characters-to-satisfy-one-of-three-conditions|hash-table, string, counting, prefix-sum|
1738|Find Kth Largest XOR Coordinate Value|Medium|find-kth-largest-xor-coordinate-value|array, divide-and-conquer, bit-manipulation, sorting, heap-priority-queue, matrix, prefix-sum, quickselect|
1739|Building Boxes|Hard|building-boxes|math, binary-search, greedy|
1741|Find Total Time Spent by Each Employee|Easy|find-total-time-spent-by-each-employee|database|
1742|Maximum Number of Balls in a Box|Easy|maximum-number-of-balls-in-a-box|hash-table, math, counting|
1743|Restore the Array From Adjacent Pairs|Medium|restore-the-array-from-adjacent-pairs|array, hash-table, depthfirst-search|
1744|Can You Eat Your Favorite Candy on Your Favorite Day?|Medium|can-you-eat-your-favorite-candy-on-your-favorite-day|array, prefix-sum|
1745|Palindrome Partitioning IV|Hard|palindrome-partitioning-iv|string, dynamic-programming|
1748|Sum of Unique Elements|Easy|sum-of-unique-elements|array, hash-table, counting|
1749|Maximum Absolute Sum of Any Subarray|Medium|maximum-absolute-sum-of-any-subarray|array, dynamic-programming|
1750|Minimum Length of String After Deleting Similar Ends|Medium|minimum-length-of-string-after-deleting-similar-ends|two-pointers, string|
1751|Maximum Number of Events That Can Be Attended II|Hard|maximum-number-of-events-that-can-be-attended-ii|array, binary-search, dynamic-programming, sorting|
1752|Check if Array Is Sorted and Rotated|Easy|check-if-array-is-sorted-and-rotated|array|
1753|Maximum Score From Removing Stones|Medium|maximum-score-from-removing-stones|math, greedy, heap-priority-queue|
1754|Largest Merge Of Two Strings|Medium|largest-merge-of-two-strings|two-pointers, string, greedy|
1755|Closest Subsequence Sum|Hard|closest-subsequence-sum|array, two-pointers, dynamic-programming, bit-manipulation, sorting, bitmask|
1757|Recyclable and Low Fat Products|Easy|recyclable-and-low-fat-products|database|
1758|Minimum Changes To Make Alternating Binary String|Easy|minimum-changes-to-make-alternating-binary-string|string|
1759|Count Number of Homogenous Substrings|Medium|count-number-of-homogenous-substrings|math, string|
1760|Minimum Limit of Balls in a Bag|Medium|minimum-limit-of-balls-in-a-bag|array, binary-search|
1761|Minimum Degree of a Connected Trio in a Graph|Hard|minimum-degree-of-a-connected-trio-in-a-graph|graph, enumeration|
1763|Longest Nice Substring|Easy|longest-nice-substring|hash-table, string, divide-and-conquer, bit-manipulation, sliding-window|
1764|Form Array by Concatenating Subarrays of Another Array|Medium|form-array-by-concatenating-subarrays-of-another-array|array, two-pointers, greedy, string-matching|
1765|Map of Highest Peak|Medium|map-of-highest-peak|array, breadthfirst-search, matrix|
1766|Tree of Coprimes|Hard|tree-of-coprimes|array, math, tree, depthfirst-search, number-theory|
1768|Merge Strings Alternately|Easy|merge-strings-alternately|two-pointers, string|
1769|Minimum Number of Operations to Move All Balls to Each Box|Medium|minimum-number-of-operations-to-move-all-balls-to-each-box|array, string, prefix-sum|
1770|Maximum Score from Performing Multiplication Operations|Hard|maximum-score-from-performing-multiplication-operations|array, dynamic-programming|
1771|Maximize Palindrome Length From Subsequences|Hard|maximize-palindrome-length-from-subsequences|string, dynamic-programming|
1773|Count Items Matching a Rule|Easy|count-items-matching-a-rule|array, string|
1774|Closest Dessert Cost|Medium|closest-dessert-cost|array, dynamic-programming, backtracking|
1775|Equal Sum Arrays With Minimum Number of Operations|Medium|equal-sum-arrays-with-minimum-number-of-operations|array, hash-table, greedy, counting|
1776|Car Fleet II|Hard|car-fleet-ii|array, math, stack, heap-priority-queue, monotonic-stack|
1779|Find Nearest Point That Has the Same X or Y Coordinate|Easy|find-nearest-point-that-has-the-same-x-or-y-coordinate|array|
1780|Check if Number is a Sum of Powers of Three|Medium|check-if-number-is-a-sum-of-powers-of-three|math|
1781|Sum of Beauty of All Substrings|Medium|sum-of-beauty-of-all-substrings|hash-table, string, counting|
1782|Count Pairs Of Nodes|Hard|count-pairs-of-nodes|array, hash-table, two-pointers, binary-search, graph, sorting, counting|
1784|Check if Binary String Has at Most One Segment of Ones|Easy|check-if-binary-string-has-at-most-one-segment-of-ones|string|
1785|Minimum Elements to Add to Form a Given Sum|Medium|minimum-elements-to-add-to-form-a-given-sum|array, greedy|
1786|Number of Restricted Paths From First to Last Node|Medium|number-of-restricted-paths-from-first-to-last-node|dynamic-programming, graph, topological-sort, heap-priority-queue, shortest-path|
1787|Make the XOR of All Segments Equal to Zero|Hard|make-the-xor-of-all-segments-equal-to-zero|array, dynamic-programming, bit-manipulation|
1789|Primary Department for Each Employee|Easy|primary-department-for-each-employee|database|
1790|Check if One String Swap Can Make Strings Equal|Easy|check-if-one-string-swap-can-make-strings-equal|hash-table, string, counting|
1791|Find Center of Star Graph|Easy|find-center-of-star-graph|graph|
1792|Maximum Average Pass Ratio|Medium|maximum-average-pass-ratio|array, greedy, heap-priority-queue|
1793|Maximum Score of a Good Subarray|Hard|maximum-score-of-a-good-subarray|array, two-pointers, binary-search, stack, monotonic-stack|
1795|Rearrange Products Table|Easy|rearrange-products-table|database|
1796|Second Largest Digit in a String|Easy|second-largest-digit-in-a-string|hash-table, string|
1797|Design Authentication Manager|Medium|design-authentication-manager|hash-table, linked-list, design, doublylinked-list|
1798|Maximum Number of Consecutive Values You Can Make|Medium|maximum-number-of-consecutive-values-you-can-make|array, greedy, sorting|
1799|Maximize Score After N Operations|Hard|maximize-score-after-n-operations|array, math, dynamic-programming, backtracking, bit-manipulation, number-theory, bitmask|
1800|Maximum Ascending Subarray Sum|Easy|maximum-ascending-subarray-sum|array|
1801|Number of Orders in the Backlog|Medium|number-of-orders-in-the-backlog|array, heap-priority-queue, simulation|
1802|Maximum Value at a Given Index in a Bounded Array|Medium|maximum-value-at-a-given-index-in-a-bounded-array|math, binary-search, greedy|
1803|Count Pairs With XOR in a Range|Hard|count-pairs-with-xor-in-a-range|array, bit-manipulation, trie|
1805|Number of Different Integers in a String|Easy|number-of-different-integers-in-a-string|hash-table, string|
1806|Minimum Number of Operations to Reinitialize a Permutation|Medium|minimum-number-of-operations-to-reinitialize-a-permutation|array, math, simulation|
1807|Evaluate the Bracket Pairs of a String|Medium|evaluate-the-bracket-pairs-of-a-string|array, hash-table, string|
1808|Maximize Number of Nice Divisors|Hard|maximize-number-of-nice-divisors|math, recursion, number-theory|
1812|Determine Color of a Chessboard Square|Easy|determine-color-of-a-chessboard-square|math, string|
1813|Sentence Similarity III|Medium|sentence-similarity-iii|array, two-pointers, string|
1814|Count Nice Pairs in an Array|Medium|count-nice-pairs-in-an-array|array, hash-table, math, counting|
1815|Maximum Number of Groups Getting Fresh Donuts|Hard|maximum-number-of-groups-getting-fresh-donuts|array, dynamic-programming, bit-manipulation, memoization, bitmask|
1816|Truncate Sentence|Easy|truncate-sentence|array, string|
1817|Finding the Users Active Minutes|Medium|finding-the-users-active-minutes|array, hash-table|
1818|Minimum Absolute Sum Difference|Medium|minimum-absolute-sum-difference|array, binary-search, sorting, ordered-set|
1819|Number of Different Subsequences GCDs|Hard|number-of-different-subsequences-gcds|array, math, counting, number-theory|
1822|Sign of the Product of an Array|Easy|sign-of-the-product-of-an-array|array, math|
1823|Find the Winner of the Circular Game|Medium|find-the-winner-of-the-circular-game|array, math, recursion, queue, simulation|
1824|Minimum Sideway Jumps|Medium|minimum-sideway-jumps|array, dynamic-programming, greedy|
1825|Finding MK Average|Hard|finding-mk-average|design, queue, heap-priority-queue, data-stream, ordered-set|
1827|Minimum Operations to Make the Array Increasing|Easy|minimum-operations-to-make-the-array-increasing|array, greedy|
1828|Queries on Number of Points Inside a Circle|Medium|queries-on-number-of-points-inside-a-circle|array, math, geometry|
1829|Maximum XOR for Each Query|Medium|maximum-xor-for-each-query|array, bit-manipulation, prefix-sum|
1830|Minimum Number of Operations to Make String Sorted|Hard|minimum-number-of-operations-to-make-string-sorted|math, string, combinatorics|
1832|Check if the Sentence Is Pangram|Easy|check-if-the-sentence-is-pangram|hash-table, string|
1833|Maximum Ice Cream Bars|Medium|maximum-ice-cream-bars|array, greedy, sorting, counting-sort|
1834|Single-Threaded CPU|Medium|single-threaded-cpu|array, sorting, heap-priority-queue|
1835|Find XOR Sum of All Pairs Bitwise AND|Hard|find-xor-sum-of-all-pairs-bitwise-and|array, math, bit-manipulation|
1837|Sum of Digits in Base K|Easy|sum-of-digits-in-base-k|math|
1838|Frequency of the Most Frequent Element|Medium|frequency-of-the-most-frequent-element|array, binary-search, greedy, sliding-window, sorting, prefix-sum|
1839|Longest Substring Of All Vowels in Order|Medium|longest-substring-of-all-vowels-in-order|string, sliding-window|
1840|Maximum Building Height|Hard|maximum-building-height|array, math, sorting|
1844|Replace All Digits with Characters|Easy|replace-all-digits-with-characters|string|
1845|Seat Reservation Manager|Medium|seat-reservation-manager|design, heap-priority-queue|
1846|Maximum Element After Decreasing and Rearranging|Medium|maximum-element-after-decreasing-and-rearranging|array, greedy, sorting|
1847|Closest Room|Hard|closest-room|array, binary-search, sorting, ordered-set|
1848|Minimum Distance to the Target Element|Easy|minimum-distance-to-the-target-element|array|
1849|Splitting a String Into Descending Consecutive Values|Medium|splitting-a-string-into-descending-consecutive-values|string, backtracking, enumeration|
1850|Minimum Adjacent Swaps to Reach the Kth Smallest Number|Medium|minimum-adjacent-swaps-to-reach-the-kth-smallest-number|two-pointers, string, greedy|
1851|Minimum Interval to Include Each Query|Hard|minimum-interval-to-include-each-query|array, binary-search, line-sweep, sorting, heap-priority-queue|
1854|Maximum Population Year|Easy|maximum-population-year|array, counting, prefix-sum|
1855|Maximum Distance Between a Pair of Values|Medium|maximum-distance-between-a-pair-of-values|array, two-pointers, binary-search|
1856|Maximum Subarray Min-Product|Medium|maximum-subarray-min-product|array, stack, monotonic-stack, prefix-sum|
1857|Largest Color Value in a Directed Graph|Hard|largest-color-value-in-a-directed-graph|hash-table, dynamic-programming, graph, topological-sort, memoization, counting|
1859|Sorting the Sentence|Easy|sorting-the-sentence|string, sorting|
1860|Incremental Memory Leak|Medium|incremental-memory-leak|math, simulation|
1861|Rotating the Box|Medium|rotating-the-box|array, two-pointers, matrix|
1862|Sum of Floored Pairs|Hard|sum-of-floored-pairs|array, math, binary-search, prefix-sum|
1863|Sum of All Subset XOR Totals|Easy|sum-of-all-subset-xor-totals|array, math, backtracking, bit-manipulation, combinatorics, enumeration|
1864|Minimum Number of Swaps to Make the Binary String Alternating|Medium|minimum-number-of-swaps-to-make-the-binary-string-alternating|string, greedy|
1865|Finding Pairs With a Certain Sum|Medium|finding-pairs-with-a-certain-sum|array, hash-table, design|
1866|Number of Ways to Rearrange Sticks With K Sticks Visible|Hard|number-of-ways-to-rearrange-sticks-with-k-sticks-visible|math, dynamic-programming, combinatorics|
1869|Longer Contiguous Segments of Ones than Zeros|Easy|longer-contiguous-segments-of-ones-than-zeros|string|
1870|Minimum Speed to Arrive on Time|Medium|minimum-speed-to-arrive-on-time|array, binary-search|
1871|Jump Game VII|Medium|jump-game-vii|string, dynamic-programming, sliding-window, prefix-sum|
1872|Stone Game VIII|Hard|stone-game-viii|array, math, dynamic-programming, prefix-sum, game-theory|
1873|Calculate Special Bonus|Easy|calculate-special-bonus|database|
1876|Substrings of Size Three with Distinct Characters|Easy|substrings-of-size-three-with-distinct-characters|hash-table, string, sliding-window, counting|
1877|Minimize Maximum Pair Sum in Array|Medium|minimize-maximum-pair-sum-in-array|array, two-pointers, greedy, sorting|
1878|Get Biggest Three Rhombus Sums in a Grid|Medium|get-biggest-three-rhombus-sums-in-a-grid|array, math, sorting, heap-priority-queue, matrix, prefix-sum|
1879|Minimum XOR Sum of Two Arrays|Hard|minimum-xor-sum-of-two-arrays|array, dynamic-programming, bit-manipulation, bitmask|
1880|Check if Word Equals Summation of Two Words|Easy|check-if-word-equals-summation-of-two-words|string|
1881|Maximum Value after Insertion|Medium|maximum-value-after-insertion|string, greedy|
1882|Process Tasks Using Servers|Medium|process-tasks-using-servers|array, heap-priority-queue|
1883|Minimum Skips to Arrive at Meeting On Time|Hard|minimum-skips-to-arrive-at-meeting-on-time|array, dynamic-programming|
1884|Egg Drop With 2 Eggs and N Floors|Medium|egg-drop-with-2-eggs-and-n-floors|math, dynamic-programming|
1886|Determine Whether Matrix Can Be Obtained By Rotation|Easy|determine-whether-matrix-can-be-obtained-by-rotation|array, matrix|
1887|Reduction Operations to Make the Array Elements Equal|Medium|reduction-operations-to-make-the-array-elements-equal|array, sorting|
1888|Minimum Number of Flips to Make the Binary String Alternating|Medium|minimum-number-of-flips-to-make-the-binary-string-alternating|string, dynamic-programming, sliding-window|
1889|Minimum Space Wasted From Packaging|Hard|minimum-space-wasted-from-packaging|array, binary-search, sorting, prefix-sum|
1890|The Latest Login in 2020|Easy|the-latest-login-in-2020|database|
1893|Check if All the Integers in a Range Are Covered|Easy|check-if-all-the-integers-in-a-range-are-covered|array, hash-table, prefix-sum|
1894|Find the Student that Will Replace the Chalk|Medium|find-the-student-that-will-replace-the-chalk|array, binary-search, simulation, prefix-sum|
1895|Largest Magic Square|Medium|largest-magic-square|array, matrix, prefix-sum|
1896|Minimum Cost to Change the Final Value of Expression|Hard|minimum-cost-to-change-the-final-value-of-expression|math, string, dynamic-programming, stack|
1897|Redistribute Characters to Make All Strings Equal|Easy|redistribute-characters-to-make-all-strings-equal|hash-table, string, counting|
1898|Maximum Number of Removable Characters|Medium|maximum-number-of-removable-characters|array, two-pointers, string, binary-search|
1899|Merge Triplets to Form Target Triplet|Medium|merge-triplets-to-form-target-triplet|array, greedy|
1900|The Earliest and Latest Rounds Where Players Compete|Hard|the-earliest-and-latest-rounds-where-players-compete|dynamic-programming, memoization|
1901|Find a Peak Element II|Medium|find-a-peak-element-ii|array, binary-search, matrix|
1903|Largest Odd Number in String|Easy|largest-odd-number-in-string|math, string, greedy|
1904|The Number of Full Rounds You Have Played|Medium|the-number-of-full-rounds-you-have-played|math, string|
1905|Count Sub Islands|Medium|count-sub-islands|array, depthfirst-search, breadthfirst-search, union-find, matrix|
1906|Minimum Absolute Difference Queries|Medium|minimum-absolute-difference-queries|array, hash-table|
1907|Count Salary Categories|Medium|count-salary-categories|database|
1909|Remove One Element to Make the Array Strictly Increasing|Easy|remove-one-element-to-make-the-array-strictly-increasing|array|
1910|Remove All Occurrences of a Substring|Medium|remove-all-occurrences-of-a-substring|string, stack, simulation|
1911|Maximum Alternating Subsequence Sum|Medium|maximum-alternating-subsequence-sum|array, dynamic-programming|
1912|Design Movie Rental System|Hard|design-movie-rental-system|array, hash-table, design, heap-priority-queue, ordered-set|
1913|Maximum Product Difference Between Two Pairs|Easy|maximum-product-difference-between-two-pairs|array, sorting|
1914|Cyclically Rotating a Grid|Medium|cyclically-rotating-a-grid|array, matrix, simulation|
1915|Number of Wonderful Substrings|Medium|number-of-wonderful-substrings|hash-table, string, bit-manipulation, prefix-sum|
1916|Count Ways to Build Rooms in an Ant Colony|Hard|count-ways-to-build-rooms-in-an-ant-colony|math, dynamic-programming, tree, graph, topological-sort, combinatorics|
1920|Build Array from Permutation|Easy|build-array-from-permutation|array, simulation|
1921|Eliminate Maximum Number of Monsters|Medium|eliminate-maximum-number-of-monsters|array, greedy, sorting|
1922|Count Good Numbers|Medium|count-good-numbers|math, recursion|
1923|Longest Common Subpath|Hard|longest-common-subpath|array, binary-search, rolling-hash, suffix-array, hash-function|
1925|Count Square Sum Triples|Easy|count-square-sum-triples|math, enumeration|
1926|Nearest Exit from Entrance in Maze|Medium|nearest-exit-from-entrance-in-maze|array, breadthfirst-search, matrix|
1927|Sum Game|Medium|sum-game|math, string, greedy, game-theory|
1928|Minimum Cost to Reach Destination in Time|Hard|minimum-cost-to-reach-destination-in-time|array, dynamic-programming, graph|
1929|Concatenation of Array|Easy|concatenation-of-array|array, simulation|
1930|Unique Length-3 Palindromic Subsequences|Medium|unique-length-3-palindromic-subsequences|hash-table, string, bit-manipulation, prefix-sum|
1931|Painting a Grid With Three Different Colors|Hard|painting-a-grid-with-three-different-colors|dynamic-programming|
1932|Merge BSTs to Create Single BST|Hard|merge-bsts-to-create-single-bst|hash-table, binary-search, tree, depthfirst-search, binary-tree|
1934|Confirmation Rate|Medium|confirmation-rate|database|
1935|Maximum Number of Words You Can Type|Easy|maximum-number-of-words-you-can-type|hash-table, string|
1936|Add Minimum Number of Rungs|Medium|add-minimum-number-of-rungs|array, greedy|
1937|Maximum Number of Points with Cost|Medium|maximum-number-of-points-with-cost|array, dynamic-programming, matrix|
1938|Maximum Genetic Difference Query|Hard|maximum-genetic-difference-query|array, hash-table, bit-manipulation, depthfirst-search, trie|
1941|Check if All Characters Have Equal Number of Occurrences|Easy|check-if-all-characters-have-equal-number-of-occurrences|hash-table, string, counting|
1942|The Number of the Smallest Unoccupied Chair|Medium|the-number-of-the-smallest-unoccupied-chair|array, hash-table, heap-priority-queue|
1943|Describe the Painting|Medium|describe-the-painting|array, hash-table, sorting, prefix-sum|
1944|Number of Visible People in a Queue|Hard|number-of-visible-people-in-a-queue|array, stack, monotonic-stack|
1945|Sum of Digits of String After Convert|Easy|sum-of-digits-of-string-after-convert|string, simulation|
1946|Largest Number After Mutating Substring|Medium|largest-number-after-mutating-substring|array, string, greedy|
1947|Maximum Compatibility Score Sum|Medium|maximum-compatibility-score-sum|array, dynamic-programming, backtracking, bit-manipulation, bitmask|
1948|Delete Duplicate Folders in System|Hard|delete-duplicate-folders-in-system|array, hash-table, string, trie, hash-function|
1952|Three Divisors|Easy|three-divisors|math, enumeration, number-theory|
1953|Maximum Number of Weeks for Which You Can Work|Medium|maximum-number-of-weeks-for-which-you-can-work|array, greedy|
1954|Minimum Garden Perimeter to Collect Enough Apples|Medium|minimum-garden-perimeter-to-collect-enough-apples|math, binary-search|
1955|Count Number of Special Subsequences|Hard|count-number-of-special-subsequences|array, dynamic-programming|
1957|Delete Characters to Make Fancy String|Easy|delete-characters-to-make-fancy-string|string|
1958|Check if Move is Legal|Medium|check-if-move-is-legal|array, matrix, enumeration|
1959|Minimum Total Space Wasted With K Resizing Operations|Medium|minimum-total-space-wasted-with-k-resizing-operations|array, dynamic-programming|
1960|Maximum Product of the Length of Two Palindromic Substrings|Hard|maximum-product-of-the-length-of-two-palindromic-substrings|string, rolling-hash, hash-function|
1961|Check If String Is a Prefix of Array|Easy|check-if-string-is-a-prefix-of-array|array, two-pointers, string|
1962|Remove Stones to Minimize the Total|Medium|remove-stones-to-minimize-the-total|array, greedy, heap-priority-queue|
1963|Minimum Number of Swaps to Make the String Balanced|Medium|minimum-number-of-swaps-to-make-the-string-balanced|two-pointers, string, stack, greedy|
1964|Find the Longest Valid Obstacle Course at Each Position|Hard|find-the-longest-valid-obstacle-course-at-each-position|array, binary-search, binary-indexed-tree|
1965|Employees With Missing Information|Easy|employees-with-missing-information|database|
1967|Number of Strings That Appear as Substrings in Word|Easy|number-of-strings-that-appear-as-substrings-in-word|array, string|
1968|Array With Elements Not Equal to Average of Neighbors|Medium|array-with-elements-not-equal-to-average-of-neighbors|array, greedy, sorting|
1969|Minimum Non-Zero Product of the Array Elements|Medium|minimum-non-zero-product-of-the-array-elements|math, greedy, recursion|
1970|Last Day Where You Can Still Cross|Hard|last-day-where-you-can-still-cross|array, binary-search, depthfirst-search, breadthfirst-search, union-find, matrix|
1971|Find if Path Exists in Graph|Easy|find-if-path-exists-in-graph|depthfirst-search, breadthfirst-search, union-find, graph|
1974|Minimum Time to Type Word Using Special Typewriter|Easy|minimum-time-to-type-word-using-special-typewriter|string, greedy|
1975|Maximum Matrix Sum|Medium|maximum-matrix-sum|array, greedy, matrix|
1976|Number of Ways to Arrive at Destination|Medium|number-of-ways-to-arrive-at-destination|dynamic-programming, graph, topological-sort, shortest-path|
1977|Number of Ways to Separate Numbers|Hard|number-of-ways-to-separate-numbers|string, dynamic-programming, suffix-array|
1978|Employees Whose Manager Left the Company|Easy|employees-whose-manager-left-the-company|database|
1979|Find Greatest Common Divisor of Array|Easy|find-greatest-common-divisor-of-array|array, math, number-theory|
1980|Find Unique Binary String|Medium|find-unique-binary-string|array, hash-table, string, backtracking|
1981|Minimize the Difference Between Target and Chosen Elements|Medium|minimize-the-difference-between-target-and-chosen-elements|array, dynamic-programming, matrix|
1982|Find Array Given Subset Sums|Hard|find-array-given-subset-sums|array, divide-and-conquer|
1984|Minimum Difference Between Highest and Lowest of K Scores|Easy|minimum-difference-between-highest-and-lowest-of-k-scores|array, sliding-window, sorting|
1985|Find the Kth Largest Integer in the Array|Medium|find-the-kth-largest-integer-in-the-array|array, string, divide-and-conquer, sorting, heap-priority-queue, quickselect|
1986|Minimum Number of Work Sessions to Finish the Tasks|Medium|minimum-number-of-work-sessions-to-finish-the-tasks|array, dynamic-programming, backtracking, bit-manipulation, bitmask|
1987|Number of Unique Good Subsequences|Hard|number-of-unique-good-subsequences|string, dynamic-programming|
1991|Find the Middle Index in Array|Easy|find-the-middle-index-in-array|array, prefix-sum|
1992|Find All Groups of Farmland|Medium|find-all-groups-of-farmland|array, depthfirst-search, breadthfirst-search, matrix|
1993|Operations on Tree|Medium|operations-on-tree|array, hash-table, tree, depthfirst-search, breadthfirst-search, design|
1994|The Number of Good Subsets|Hard|the-number-of-good-subsets|array, hash-table, math, dynamic-programming, bit-manipulation, counting, number-theory, bitmask|
1995|Count Special Quadruplets|Easy|count-special-quadruplets|array, hash-table, enumeration|
1996|The Number of Weak Characters in the Game|Medium|the-number-of-weak-characters-in-the-game|array, stack, greedy, sorting, monotonic-stack|
1997|First Day Where You Have Been in All the Rooms|Medium|first-day-where-you-have-been-in-all-the-rooms|array, dynamic-programming|
1998|GCD Sort of an Array|Hard|gcd-sort-of-an-array|array, math, union-find, sorting, number-theory|
2000|Reverse Prefix of Word|Easy|reverse-prefix-of-word|two-pointers, string, stack|
2001|Number of Pairs of Interchangeable Rectangles|Medium|number-of-pairs-of-interchangeable-rectangles|array, hash-table, math, counting, number-theory|
2002|Maximum Product of the Length of Two Palindromic Subsequences|Medium|maximum-product-of-the-length-of-two-palindromic-subsequences|string, dynamic-programming, backtracking, bit-manipulation, bitmask|
2003|Smallest Missing Genetic Value in Each Subtree|Hard|smallest-missing-genetic-value-in-each-subtree|dynamic-programming, tree, depthfirst-search, union-find|
2006|Count Number of Pairs With Absolute Difference K|Easy|count-number-of-pairs-with-absolute-difference-k|array, hash-table, counting|
2007|Find Original Array From Doubled Array|Medium|find-original-array-from-doubled-array|array, hash-table, greedy, sorting|
2008|Maximum Earnings From Taxi|Medium|maximum-earnings-from-taxi|array, hash-table, binary-search, dynamic-programming, sorting|
2009|Minimum Number of Operations to Make Array Continuous|Hard|minimum-number-of-operations-to-make-array-continuous|array, hash-table, binary-search, sliding-window|
2011|Final Value of Variable After Performing Operations|Easy|final-value-of-variable-after-performing-operations|array, string, simulation|
2012|Sum of Beauty in the Array|Medium|sum-of-beauty-in-the-array|array|
2013|Detect Squares|Medium|detect-squares|array, hash-table, design, counting|
2014|Longest Subsequence Repeated k Times|Hard|longest-subsequence-repeated-k-times|string, backtracking, greedy, counting, enumeration|
2016|Maximum Difference Between Increasing Elements|Easy|maximum-difference-between-increasing-elements|array|
2017|Grid Game|Medium|grid-game|array, matrix, prefix-sum|
2018|Check if Word Can Be Placed In Crossword|Medium|check-if-word-can-be-placed-in-crossword|array, matrix, enumeration|
2019|The Score of Students Solving Math Expression|Hard|the-score-of-students-solving-math-expression|array, math, string, dynamic-programming, stack, memoization|
2022|Convert 1D Array Into 2D Array|Easy|convert-1d-array-into-2d-array|array, matrix, simulation|
2023|Number of Pairs of Strings With Concatenation Equal to Target|Medium|number-of-pairs-of-strings-with-concatenation-equal-to-target|array, hash-table, string, counting|
2024|Maximize the Confusion of an Exam|Medium|maximize-the-confusion-of-an-exam|string, binary-search, sliding-window, prefix-sum|
2025|Maximum Number of Ways to Partition an Array|Hard|maximum-number-of-ways-to-partition-an-array|array, hash-table, counting, enumeration, prefix-sum|
2027|Minimum Moves to Convert String|Easy|minimum-moves-to-convert-string|string, greedy|
2028|Find Missing Observations|Medium|find-missing-observations|array, math, simulation|
2029|Stone Game IX|Medium|stone-game-ix|array, math, greedy, counting, game-theory|
2030|Smallest K-Length Subsequence With Occurrences of a Letter|Hard|smallest-k-length-subsequence-with-occurrences-of-a-letter|string, stack, greedy, monotonic-stack|
2032|Two Out of Three|Easy|two-out-of-three|array, hash-table, bit-manipulation|
2033|Minimum Operations to Make a Uni-Value Grid|Medium|minimum-operations-to-make-a-uni-value-grid|array, math, sorting, matrix|
2034|Stock Price Fluctuation |Medium|stock-price-fluctuation|hash-table, design, heap-priority-queue, data-stream, ordered-set|
2035|Partition Array Into Two Arrays to Minimize Sum Difference|Hard|partition-array-into-two-arrays-to-minimize-sum-difference|array, two-pointers, binary-search, dynamic-programming, bit-manipulation, ordered-set, bitmask|
2037|Minimum Number of Moves to Seat Everyone|Easy|minimum-number-of-moves-to-seat-everyone|array, greedy, sorting, counting-sort|
2038|Remove Colored Pieces if Both Neighbors are the Same Color|Medium|remove-colored-pieces-if-both-neighbors-are-the-same-color|math, string, greedy, game-theory|
2039|The Time When the Network Becomes Idle|Medium|the-time-when-the-network-becomes-idle|array, breadthfirst-search, graph|
2040|Kth Smallest Product of Two Sorted Arrays|Hard|kth-smallest-product-of-two-sorted-arrays|array, binary-search|
2042|Check if Numbers Are Ascending in a Sentence|Easy|check-if-numbers-are-ascending-in-a-sentence|string|
2043|Simple Bank System|Medium|simple-bank-system|array, hash-table, design, simulation|
2044|Count Number of Maximum Bitwise-OR Subsets|Medium|count-number-of-maximum-bitwise-or-subsets|array, backtracking, bit-manipulation, enumeration|
2045|Second Minimum Time to Reach Destination|Hard|second-minimum-time-to-reach-destination|breadthfirst-search, graph, shortest-path|
2047|Number of Valid Words in a Sentence|Easy|number-of-valid-words-in-a-sentence|string|
2048|Next Greater Numerically Balanced Number|Medium|next-greater-numerically-balanced-number|hash-table, math, backtracking, counting, enumeration|
2049|Count Nodes With the Highest Score|Medium|count-nodes-with-the-highest-score|array, tree, depthfirst-search, binary-tree|
2050|Parallel Courses III|Hard|parallel-courses-iii|array, dynamic-programming, graph, topological-sort|
2053|Kth Distinct String in an Array|Easy|kth-distinct-string-in-an-array|array, hash-table, string, counting|
2054|Two Best Non-Overlapping Events|Medium|two-best-non-overlapping-events|array, binary-search, dynamic-programming, sorting, heap-priority-queue|
2055|Plates Between Candles|Medium|plates-between-candles|array, string, binary-search, prefix-sum|
2056|Number of Valid Move Combinations On Chessboard|Hard|number-of-valid-move-combinations-on-chessboard|array, string, backtracking, simulation|
2057|Smallest Index With Equal Value|Easy|smallest-index-with-equal-value|array|
2058|Find the Minimum and Maximum Number of Nodes Between Critical Points|Medium|find-the-minimum-and-maximum-number-of-nodes-between-critical-points|linked-list|
2059|Minimum Operations to Convert Number|Medium|minimum-operations-to-convert-number|array, breadthfirst-search|
2060|Check if an Original String Exists Given Two Encoded Strings|Hard|check-if-an-original-string-exists-given-two-encoded-strings|string, dynamic-programming|
2062|Count Vowel Substrings of a String|Easy|count-vowel-substrings-of-a-string|hash-table, string|
2063|Vowels of All Substrings|Medium|vowels-of-all-substrings|math, string, dynamic-programming, combinatorics|
2064|Minimized Maximum of Products Distributed to Any Store|Medium|minimized-maximum-of-products-distributed-to-any-store|array, binary-search, greedy|
2065|Maximum Path Quality of a Graph|Hard|maximum-path-quality-of-a-graph|array, backtracking, graph|
2068|Check Whether Two Strings are Almost Equivalent|Easy|check-whether-two-strings-are-almost-equivalent|hash-table, string, counting|
2069|Walking Robot Simulation II|Medium|walking-robot-simulation-ii|design, simulation|
2070|Most Beautiful Item for Each Query|Medium|most-beautiful-item-for-each-query|array, binary-search, sorting|
2071|Maximum Number of Tasks You Can Assign|Hard|maximum-number-of-tasks-you-can-assign|array, two-pointers, binary-search, greedy, queue, sorting, monotonic-queue|
2073|Time Needed to Buy Tickets|Easy|time-needed-to-buy-tickets|array, queue, simulation|
2074|Reverse Nodes in Even Length Groups|Medium|reverse-nodes-in-even-length-groups|linked-list|
2075|Decode the Slanted Ciphertext|Medium|decode-the-slanted-ciphertext|string, simulation|
2076|Process Restricted Friend Requests|Hard|process-restricted-friend-requests|union-find, graph|
2078|Two Furthest Houses With Different Colors|Easy|two-furthest-houses-with-different-colors|array, greedy|
2079|Watering Plants|Medium|watering-plants|array, simulation|
2080|Range Frequency Queries|Medium|range-frequency-queries|array, hash-table, binary-search, design, segment-tree|
2081|Sum of k-Mirror Numbers|Hard|sum-of-k-mirror-numbers|math, enumeration|
2085|Count Common Words With One Occurrence|Easy|count-common-words-with-one-occurrence|array, hash-table, string, counting|
2086|Minimum Number of Food Buckets to Feed the Hamsters|Medium|minimum-number-of-food-buckets-to-feed-the-hamsters|string, dynamic-programming, greedy|
2087|Minimum Cost Homecoming of a Robot in a Grid|Medium|minimum-cost-homecoming-of-a-robot-in-a-grid|array, greedy|
2088|Count Fertile Pyramids in a Land|Hard|count-fertile-pyramids-in-a-land|array, dynamic-programming, matrix|
2089|Find Target Indices After Sorting Array|Easy|find-target-indices-after-sorting-array|array, binary-search, sorting|
2090|K Radius Subarray Averages|Medium|k-radius-subarray-averages|array, sliding-window|
2091|Removing Minimum and Maximum From Array|Medium|removing-minimum-and-maximum-from-array|array, greedy|
2092|Find All People With Secret|Hard|find-all-people-with-secret|depthfirst-search, breadthfirst-search, union-find, graph, sorting|
2094|Finding 3-Digit Even Numbers|Easy|finding-3-digit-even-numbers|array, hash-table, sorting, enumeration|
2095|Delete the Middle Node of a Linked List|Medium|delete-the-middle-node-of-a-linked-list|linked-list, two-pointers|
2096|Step-By-Step Directions From a Binary Tree Node to Another|Medium|step-by-step-directions-from-a-binary-tree-node-to-another|string, tree, depthfirst-search, binary-tree|
2097|Valid Arrangement of Pairs|Hard|valid-arrangement-of-pairs|depthfirst-search, graph, eulerian-circuit|
2099|Find Subsequence of Length K With the Largest Sum|Easy|find-subsequence-of-length-k-with-the-largest-sum|array, hash-table, sorting, heap-priority-queue|
2100|Find Good Days to Rob the Bank|Medium|find-good-days-to-rob-the-bank|array, dynamic-programming, prefix-sum|
2101|Detonate the Maximum Bombs|Medium|detonate-the-maximum-bombs|array, math, depthfirst-search, breadthfirst-search, graph, geometry|
2102|Sequentially Ordinal Rank Tracker|Hard|sequentially-ordinal-rank-tracker|design, heap-priority-queue, data-stream, ordered-set|
2103|Rings and Rods|Easy|rings-and-rods|hash-table, string|
2104|Sum of Subarray Ranges|Medium|sum-of-subarray-ranges|array, stack, monotonic-stack|
2105|Watering Plants II|Medium|watering-plants-ii|array, two-pointers, simulation|
2106|Maximum Fruits Harvested After at Most K Steps|Hard|maximum-fruits-harvested-after-at-most-k-steps|array, binary-search, sliding-window, prefix-sum|
2108|Find First Palindromic String in the Array|Easy|find-first-palindromic-string-in-the-array|array, two-pointers, string|
2109|Adding Spaces to a String|Medium|adding-spaces-to-a-string|array, two-pointers, string, simulation|
2110|Number of Smooth Descent Periods of a Stock|Medium|number-of-smooth-descent-periods-of-a-stock|array, math, dynamic-programming|
2111|Minimum Operations to Make the Array K-Increasing|Hard|minimum-operations-to-make-the-array-k-increasing|array, binary-search|
2114|Maximum Number of Words Found in Sentences|Easy|maximum-number-of-words-found-in-sentences|array, string|
2115|Find All Possible Recipes from Given Supplies|Medium|find-all-possible-recipes-from-given-supplies|array, hash-table, string, graph, topological-sort|
2116|Check if a Parentheses String Can Be Valid|Medium|check-if-a-parentheses-string-can-be-valid|string, stack, greedy|
2117|Abbreviating the Product of a Range|Hard|abbreviating-the-product-of-a-range|math|
2119|A Number After a Double Reversal|Easy|a-number-after-a-double-reversal|math|
2120|Execution of All Suffix Instructions Staying in a Grid|Medium|execution-of-all-suffix-instructions-staying-in-a-grid|string, simulation|
2121|Intervals Between Identical Elements|Medium|intervals-between-identical-elements|array, hash-table, prefix-sum|
2122|Recover the Original Array|Hard|recover-the-original-array|array, hash-table, two-pointers, sorting, enumeration|
2124|Check if All A's Appears Before All B's|Easy|check-if-all-as-appears-before-all-bs|string|
2125|Number of Laser Beams in a Bank|Medium|number-of-laser-beams-in-a-bank|array, math, string, matrix|
2126|Destroying Asteroids|Medium|destroying-asteroids|array, greedy, sorting|
2127|Maximum Employees to Be Invited to a Meeting|Hard|maximum-employees-to-be-invited-to-a-meeting|depthfirst-search, graph, topological-sort|
2129|Capitalize the Title|Easy|capitalize-the-title|string|
2130|Maximum Twin Sum of a Linked List|Medium|maximum-twin-sum-of-a-linked-list|linked-list, two-pointers, stack|
2131|Longest Palindrome by Concatenating Two Letter Words|Medium|longest-palindrome-by-concatenating-two-letter-words|array, hash-table, string, greedy, counting|
2132|Stamping the Grid|Hard|stamping-the-grid|array, greedy, matrix, prefix-sum|
2133|Check if Every Row and Column Contains All Numbers|Easy|check-if-every-row-and-column-contains-all-numbers|array, hash-table, matrix|
2134|Minimum Swaps to Group All 1's Together II|Medium|minimum-swaps-to-group-all-1s-together-ii|array, sliding-window|
2135|Count Words Obtained After Adding a Letter|Medium|count-words-obtained-after-adding-a-letter|array, hash-table, string, bit-manipulation, sorting|
2136|Earliest Possible Day of Full Bloom|Hard|earliest-possible-day-of-full-bloom|array, greedy, sorting|
2138|Divide a String Into Groups of Size k|Easy|divide-a-string-into-groups-of-size-k|string, simulation|
2139|Minimum Moves to Reach Target Score|Medium|minimum-moves-to-reach-target-score|math, greedy|
2140|Solving Questions With Brainpower|Medium|solving-questions-with-brainpower|array, dynamic-programming|
2141|Maximum Running Time of N Computers|Hard|maximum-running-time-of-n-computers|array, binary-search, greedy, sorting|
2144|Minimum Cost of Buying Candies With Discount|Easy|minimum-cost-of-buying-candies-with-discount|array, greedy, sorting|
2145|Count the Hidden Sequences|Medium|count-the-hidden-sequences|array, prefix-sum|
2146|K Highest Ranked Items Within a Price Range|Medium|k-highest-ranked-items-within-a-price-range|array, breadthfirst-search, sorting, heap-priority-queue, matrix|
2147|Number of Ways to Divide a Long Corridor|Hard|number-of-ways-to-divide-a-long-corridor|math, string, dynamic-programming|
2148|Count Elements With Strictly Smaller and Greater Elements |Easy|count-elements-with-strictly-smaller-and-greater-elements|array, sorting, counting|
2149|Rearrange Array Elements by Sign|Medium|rearrange-array-elements-by-sign|array, two-pointers, simulation|
2150|Find All Lonely Numbers in the Array|Medium|find-all-lonely-numbers-in-the-array|array, hash-table, counting|
2151|Maximum Good People Based on Statements|Hard|maximum-good-people-based-on-statements|array, backtracking, bit-manipulation, enumeration|
2154|Keep Multiplying Found Values by Two|Easy|keep-multiplying-found-values-by-two|array, hash-table, sorting, simulation|
2155|All Divisions With the Highest Score of a Binary Array|Medium|all-divisions-with-the-highest-score-of-a-binary-array|array|
2156|Find Substring With Given Hash Value|Hard|find-substring-with-given-hash-value|string, sliding-window, rolling-hash, hash-function|
2157|Groups of Strings|Hard|groups-of-strings|string, bit-manipulation, union-find|
2160|Minimum Sum of Four Digit Number After Splitting Digits|Easy|minimum-sum-of-four-digit-number-after-splitting-digits|math, greedy, sorting|
2161|Partition Array According to Given Pivot|Medium|partition-array-according-to-given-pivot|array, two-pointers, simulation|
2162|Minimum Cost to Set Cooking Time|Medium|minimum-cost-to-set-cooking-time|math, enumeration|
2163|Minimum Difference in Sums After Removal of Elements|Hard|minimum-difference-in-sums-after-removal-of-elements|array, dynamic-programming, heap-priority-queue|
2164|Sort Even and Odd Indices Independently|Easy|sort-even-and-odd-indices-independently|array, sorting|
2165|Smallest Value of the Rearranged Number|Medium|smallest-value-of-the-rearranged-number|math, sorting|
2166|Design Bitset|Medium|design-bitset|array, hash-table, string, design|
2167|Minimum Time to Remove All Cars Containing Illegal Goods|Hard|minimum-time-to-remove-all-cars-containing-illegal-goods|string, dynamic-programming|
2169|Count Operations to Obtain Zero|Easy|count-operations-to-obtain-zero|math, simulation|
2170|Minimum Operations to Make the Array Alternating|Medium|minimum-operations-to-make-the-array-alternating|array, hash-table, greedy, counting|
2171|Removing Minimum Number of Magic Beans|Medium|removing-minimum-number-of-magic-beans|array, greedy, sorting, enumeration, prefix-sum|
2172|Maximum AND Sum of Array|Hard|maximum-and-sum-of-array|array, dynamic-programming, bit-manipulation, bitmask|
2176|Count Equal and Divisible Pairs in an Array|Easy|count-equal-and-divisible-pairs-in-an-array|array|
2177|Find Three Consecutive Integers That Sum to a Given Number|Medium|find-three-consecutive-integers-that-sum-to-a-given-number|math, simulation|
2178|Maximum Split of Positive Even Integers|Medium|maximum-split-of-positive-even-integers|math, backtracking, greedy|
2179|Count Good Triplets in an Array|Hard|count-good-triplets-in-an-array|array, binary-search, divide-and-conquer, binary-indexed-tree, segment-tree, merge-sort, ordered-set|
2180|Count Integers With Even Digit Sum|Easy|count-integers-with-even-digit-sum|math, simulation|
2181|Merge Nodes in Between Zeros|Medium|merge-nodes-in-between-zeros|linked-list, simulation|
2182|Construct String With Repeat Limit|Medium|construct-string-with-repeat-limit|hash-table, string, greedy, heap-priority-queue, counting|
2183|Count Array Pairs Divisible by K|Hard|count-array-pairs-divisible-by-k|array, math, number-theory|
2185|Counting Words With a Given Prefix|Easy|counting-words-with-a-given-prefix|array, string, string-matching|
2186|Minimum Number of Steps to Make Two Strings Anagram II|Medium|minimum-number-of-steps-to-make-two-strings-anagram-ii|hash-table, string, counting|
2187|Minimum Time to Complete Trips|Medium|minimum-time-to-complete-trips|array, binary-search|
2188|Minimum Time to Finish the Race|Hard|minimum-time-to-finish-the-race|array, dynamic-programming|
2190|Most Frequent Number Following Key In an Array|Easy|most-frequent-number-following-key-in-an-array|array, hash-table, counting|
2191|Sort the Jumbled Numbers|Medium|sort-the-jumbled-numbers|array, sorting|
2192|All Ancestors of a Node in a Directed Acyclic Graph|Medium|all-ancestors-of-a-node-in-a-directed-acyclic-graph|depthfirst-search, breadthfirst-search, graph, topological-sort|
2193|Minimum Number of Moves to Make Palindrome|Hard|minimum-number-of-moves-to-make-palindrome|two-pointers, string, greedy, binary-indexed-tree|
2194|Cells in a Range on an Excel Sheet|Easy|cells-in-a-range-on-an-excel-sheet|string|
2195|Append K Integers With Minimal Sum|Medium|append-k-integers-with-minimal-sum|array, math, greedy, sorting|
2196|Create Binary Tree From Descriptions|Medium|create-binary-tree-from-descriptions|array, hash-table, tree, binary-tree|
2197|Replace Non-Coprime Numbers in Array|Hard|replace-non-coprime-numbers-in-array|array, math, stack, number-theory|
2200|Find All K-Distant Indices in an Array|Easy|find-all-k-distant-indices-in-an-array|array, two-pointers|
2201|Count Artifacts That Can Be Extracted|Medium|count-artifacts-that-can-be-extracted|array, hash-table, simulation|
2202|Maximize the Topmost Element After K Moves|Medium|maximize-the-topmost-element-after-k-moves|array, greedy|
2203|Minimum Weighted Subgraph With the Required Paths|Hard|minimum-weighted-subgraph-with-the-required-paths|graph, shortest-path|
2206|Divide Array Into Equal Pairs|Easy|divide-array-into-equal-pairs|array, hash-table, bit-manipulation, counting|
2207|Maximize Number of Subsequences in a String|Medium|maximize-number-of-subsequences-in-a-string|string, greedy, prefix-sum|
2208|Minimum Operations to Halve Array Sum|Medium|minimum-operations-to-halve-array-sum|array, greedy, heap-priority-queue|
2209|Minimum White Tiles After Covering With Carpets|Hard|minimum-white-tiles-after-covering-with-carpets|string, dynamic-programming, prefix-sum|
2210|Count Hills and Valleys in an Array|Easy|count-hills-and-valleys-in-an-array|array|
2211|Count Collisions on a Road|Medium|count-collisions-on-a-road|string, stack, simulation|
2212|Maximum Points in an Archery Competition|Medium|maximum-points-in-an-archery-competition|array, backtracking, bit-manipulation, enumeration|
2213|Longest Substring of One Repeating Character|Hard|longest-substring-of-one-repeating-character|array, string, segment-tree, ordered-set|
2215|Find the Difference of Two Arrays|Easy|find-the-difference-of-two-arrays|array, hash-table|
2216|Minimum Deletions to Make Array Beautiful|Medium|minimum-deletions-to-make-array-beautiful|array, stack, greedy|
2217|Find Palindrome With Fixed Length|Medium|find-palindrome-with-fixed-length|array, math|
2218|Maximum Value of K Coins From Piles|Hard|maximum-value-of-k-coins-from-piles|array, dynamic-programming, prefix-sum|
2220|Minimum Bit Flips to Convert Number|Easy|minimum-bit-flips-to-convert-number|bit-manipulation|
2221|Find Triangular Sum of an Array|Medium|find-triangular-sum-of-an-array|array, math, simulation, combinatorics|
2222|Number of Ways to Select Buildings|Medium|number-of-ways-to-select-buildings|string, dynamic-programming, prefix-sum|
2223|Sum of Scores of Built Strings|Hard|sum-of-scores-of-built-strings|string, binary-search, rolling-hash, suffix-array, string-matching, hash-function|
2224|Minimum Number of Operations to Convert Time|Easy|minimum-number-of-operations-to-convert-time|string, greedy|
2225|Find Players With Zero or One Losses|Medium|find-players-with-zero-or-one-losses|array, hash-table, sorting, counting|
2226|Maximum Candies Allocated to K Children|Medium|maximum-candies-allocated-to-k-children|array, binary-search|
2227|Encrypt and Decrypt Strings|Hard|encrypt-and-decrypt-strings|array, hash-table, string, design, trie|
2231|Largest Number After Digit Swaps by Parity|Easy|largest-number-after-digit-swaps-by-parity|sorting, heap-priority-queue|
2232|Minimize Result by Adding Parentheses to Expression|Medium|minimize-result-by-adding-parentheses-to-expression|string, enumeration|
2233|Maximum Product After K Increments|Medium|maximum-product-after-k-increments|array, greedy, heap-priority-queue|
2234|Maximum Total Beauty of the Gardens|Hard|maximum-total-beauty-of-the-gardens|array, two-pointers, binary-search, greedy, sorting, enumeration, prefix-sum|
2235|Add Two Integers|Easy|add-two-integers|math|
2236|Root Equals Sum of Children|Easy|root-equals-sum-of-children|tree, binary-tree|
2239|Find Closest Number to Zero|Easy|find-closest-number-to-zero|array|
2240|Number of Ways to Buy Pens and Pencils|Medium|number-of-ways-to-buy-pens-and-pencils|math, enumeration|
2241|Design an ATM Machine|Medium|design-an-atm-machine|array, greedy, design|
2242|Maximum Score of a Node Sequence|Hard|maximum-score-of-a-node-sequence|array, graph, sorting, enumeration|
2243|Calculate Digit Sum of a String|Easy|calculate-digit-sum-of-a-string|string, simulation|
2244|Minimum Rounds to Complete All Tasks|Medium|minimum-rounds-to-complete-all-tasks|array, hash-table, greedy, counting|
2245|Maximum Trailing Zeros in a Cornered Path|Medium|maximum-trailing-zeros-in-a-cornered-path|array, matrix, prefix-sum|
2246|Longest Path With Different Adjacent Characters|Hard|longest-path-with-different-adjacent-characters|array, string, tree, depthfirst-search, graph, topological-sort|
2248|Intersection of Multiple Arrays|Easy|intersection-of-multiple-arrays|array, hash-table, sorting, counting|
2249|Count Lattice Points Inside a Circle|Medium|count-lattice-points-inside-a-circle|array, hash-table, math, geometry, enumeration|
2250|Count Number of Rectangles Containing Each Point|Medium|count-number-of-rectangles-containing-each-point|array, hash-table, binary-search, binary-indexed-tree, sorting|
2251|Number of Flowers in Full Bloom|Hard|number-of-flowers-in-full-bloom|array, hash-table, binary-search, sorting, prefix-sum, ordered-set|
2255|Count Prefixes of a Given String|Easy|count-prefixes-of-a-given-string|array, string|
2256|Minimum Average Difference|Medium|minimum-average-difference|array, prefix-sum|
2257|Count Unguarded Cells in the Grid|Medium|count-unguarded-cells-in-the-grid|array, matrix, simulation|
2258|Escape the Spreading Fire|Hard|escape-the-spreading-fire|array, binary-search, breadthfirst-search, matrix|
2259|Remove Digit From Number to Maximize Result|Easy|remove-digit-from-number-to-maximize-result|string, greedy, enumeration|
2260|Minimum Consecutive Cards to Pick Up|Medium|minimum-consecutive-cards-to-pick-up|array, hash-table, sliding-window|
2261|K Divisible Elements Subarrays|Medium|k-divisible-elements-subarrays|array, hash-table, trie, rolling-hash, hash-function, enumeration|
2262|Total Appeal of A String|Hard|total-appeal-of-a-string|hash-table, string, dynamic-programming|
2264|Largest 3-Same-Digit Number in String|Easy|largest-3-same-digit-number-in-string|string|
2265|Count Nodes Equal to Average of Subtree|Medium|count-nodes-equal-to-average-of-subtree|tree, depthfirst-search, binary-tree|
2266|Count Number of Texts|Medium|count-number-of-texts|hash-table, math, string, dynamic-programming|
2267| Check if There Is a Valid Parentheses String Path|Hard|check-if-there-is-a-valid-parentheses-string-path|array, dynamic-programming, matrix|
2269|Find the K-Beauty of a Number|Easy|find-the-k-beauty-of-a-number|math, string, sliding-window|
2270|Number of Ways to Split Array|Medium|number-of-ways-to-split-array|array, prefix-sum|
2271|Maximum White Tiles Covered by a Carpet|Medium|maximum-white-tiles-covered-by-a-carpet|array, binary-search, greedy, sliding-window, sorting, prefix-sum|
2272|Substring With Largest Variance|Hard|substring-with-largest-variance|array, dynamic-programming|
2273|Find Resultant Array After Removing Anagrams|Easy|find-resultant-array-after-removing-anagrams|array, hash-table, string, sorting|
2274|Maximum Consecutive Floors Without Special Floors|Medium|maximum-consecutive-floors-without-special-floors|array, sorting|
2275|Largest Combination With Bitwise AND Greater Than Zero|Medium|largest-combination-with-bitwise-and-greater-than-zero|array, hash-table, bit-manipulation, counting|
2276|Count Integers in Intervals|Hard|count-integers-in-intervals|design, segment-tree, ordered-set|
2278|Percentage of Letter in String|Easy|percentage-of-letter-in-string|string|
2279|Maximum Bags With Full Capacity of Rocks|Medium|maximum-bags-with-full-capacity-of-rocks|array, greedy, sorting|
2280|Minimum Lines to Represent a Line Chart|Medium|minimum-lines-to-represent-a-line-chart|array, math, geometry, sorting, number-theory|
2281|Sum of Total Strength of Wizards|Hard|sum-of-total-strength-of-wizards|array, stack, monotonic-stack, prefix-sum|
2283|Check if Number Has Equal Digit Count and Digit Value|Easy|check-if-number-has-equal-digit-count-and-digit-value|hash-table, string, counting|
2284|Sender With Largest Word Count|Medium|sender-with-largest-word-count|array, hash-table, string, counting|
2285|Maximum Total Importance of Roads|Medium|maximum-total-importance-of-roads|greedy, graph, sorting, heap-priority-queue|
2286|Booking Concert Tickets in Groups|Hard|booking-concert-tickets-in-groups|binary-search, design, binary-indexed-tree, segment-tree|
2287|Rearrange Characters to Make Target String|Easy|rearrange-characters-to-make-target-string|hash-table, string, counting|
2288|Apply Discount to Prices|Medium|apply-discount-to-prices|string|
2289|Steps to Make Array Non-decreasing|Medium|steps-to-make-array-non-decreasing|array, linked-list, stack, monotonic-stack|
2290|Minimum Obstacle Removal to Reach Corner|Hard|minimum-obstacle-removal-to-reach-corner|array, breadthfirst-search, graph, heap-priority-queue, matrix, shortest-path|
2293|Min Max Game|Easy|min-max-game|array, simulation|
2294|Partition Array Such That Maximum Difference Is K|Medium|partition-array-such-that-maximum-difference-is-k|array, greedy, sorting|
2295|Replace Elements in an Array|Medium|replace-elements-in-an-array|array, hash-table, simulation|
2296|Design a Text Editor|Hard|design-a-text-editor|linked-list, string, stack, design, simulation, doublylinked-list|
2299|Strong Password Checker II|Easy|strong-password-checker-ii|string|
2300|Successful Pairs of Spells and Potions|Medium|successful-pairs-of-spells-and-potions|array, two-pointers, binary-search, sorting|
2301|Match Substring After Replacement|Hard|match-substring-after-replacement|array, hash-table, string, string-matching|
2302|Count Subarrays With Score Less Than K|Hard|count-subarrays-with-score-less-than-k|array, binary-search, sliding-window, prefix-sum|
2303|Calculate Amount Paid in Taxes|Easy|calculate-amount-paid-in-taxes|array, simulation|
2304|Minimum Path Cost in a Grid|Medium|minimum-path-cost-in-a-grid|array, dynamic-programming, matrix|
2305|Fair Distribution of Cookies|Medium|fair-distribution-of-cookies|array, dynamic-programming, backtracking, bit-manipulation, bitmask|
2306|Naming a Company|Hard|naming-a-company|array, hash-table, string, bit-manipulation, enumeration|
2309|Greatest English Letter in Upper and Lower Case|Easy|greatest-english-letter-in-upper-and-lower-case|hash-table, string, enumeration|
2310|Sum of Numbers With Units Digit K|Medium|sum-of-numbers-with-units-digit-k|math, dynamic-programming, greedy, enumeration|
2311|Longest Binary Subsequence Less Than or Equal to K|Medium|longest-binary-subsequence-less-than-or-equal-to-k|string, dynamic-programming, greedy, memoization|
2312|Selling Pieces of Wood|Hard|selling-pieces-of-wood|array, dynamic-programming, memoization|
2315|Count Asterisks|Easy|count-asterisks|string|
2316|Count Unreachable Pairs of Nodes in an Undirected Graph|Medium|count-unreachable-pairs-of-nodes-in-an-undirected-graph|depthfirst-search, breadthfirst-search, union-find, graph|
2317|Maximum XOR After Operations |Medium|maximum-xor-after-operations|array, math, bit-manipulation|
2318|Number of Distinct Roll Sequences|Hard|number-of-distinct-roll-sequences|dynamic-programming, memoization|
2319|Check if Matrix Is X-Matrix|Easy|check-if-matrix-is-x-matrix|array, matrix|
2320|Count Number of Ways to Place Houses|Medium|count-number-of-ways-to-place-houses|dynamic-programming|
2321|Maximum Score Of Spliced Array|Hard|maximum-score-of-spliced-array|array, dynamic-programming|
2322|Minimum Score After Removals on a Tree|Hard|minimum-score-after-removals-on-a-tree|array, bit-manipulation, tree, depthfirst-search|
2325|Decode the Message|Easy|decode-the-message|hash-table, string|
2326|Spiral Matrix IV|Medium|spiral-matrix-iv|array, linked-list, matrix, simulation|
2327|Number of People Aware of a Secret|Medium|number-of-people-aware-of-a-secret|dynamic-programming, queue, simulation|
2328|Number of Increasing Paths in a Grid|Hard|number-of-increasing-paths-in-a-grid|array, dynamic-programming, depthfirst-search, breadthfirst-search, graph, topological-sort, memoization, matrix|
2331|Evaluate Boolean Binary Tree|Easy|evaluate-boolean-binary-tree|tree, depthfirst-search, binary-tree|
2332|The Latest Time to Catch a Bus|Medium|the-latest-time-to-catch-a-bus|array, two-pointers, binary-search, sorting|
2333|Minimum Sum of Squared Difference|Medium|minimum-sum-of-squared-difference|array, binary-search, greedy, sorting, heap-priority-queue|
2334|Subarray With Elements Greater Than Varying Threshold|Hard|subarray-with-elements-greater-than-varying-threshold|array, stack, union-find, monotonic-stack|
2335|Minimum Amount of Time to Fill Cups|Easy|minimum-amount-of-time-to-fill-cups|array, greedy, sorting, heap-priority-queue|
2336|Smallest Number in Infinite Set|Medium|smallest-number-in-infinite-set|hash-table, design, heap-priority-queue, ordered-set|
2337|Move Pieces to Obtain a String|Medium|move-pieces-to-obtain-a-string|two-pointers, string|
2338|Count the Number of Ideal Arrays|Hard|count-the-number-of-ideal-arrays|math, dynamic-programming, combinatorics, number-theory|
2341|Maximum Number of Pairs in Array|Easy|maximum-number-of-pairs-in-array|array, hash-table, counting|
2342|Max Sum of a Pair With Equal Sum of Digits|Medium|max-sum-of-a-pair-with-equal-sum-of-digits|array, hash-table, sorting, heap-priority-queue|
2343|Query Kth Smallest Trimmed Number|Medium|query-kth-smallest-trimmed-number|array, string, divide-and-conquer, sorting, heap-priority-queue, radix-sort, quickselect|
2344|Minimum Deletions to Make Array Divisible|Hard|minimum-deletions-to-make-array-divisible|array, math, sorting, heap-priority-queue, number-theory|
2347|Best Poker Hand|Easy|best-poker-hand|array, hash-table, counting|
2348|Number of Zero-Filled Subarrays|Medium|number-of-zero-filled-subarrays|array, math|
2349|Design a Number Container System|Medium|design-a-number-container-system|hash-table, design, heap-priority-queue, ordered-set|
2350|Shortest Impossible Sequence of Rolls|Hard|shortest-impossible-sequence-of-rolls|array, hash-table, greedy|
2351|First Letter to Appear Twice|Easy|first-letter-to-appear-twice|hash-table, string, bit-manipulation, counting|
2352|Equal Row and Column Pairs|Medium|equal-row-and-column-pairs|array, hash-table, matrix, simulation|
2353|Design a Food Rating System|Medium|design-a-food-rating-system|array, hash-table, string, design, heap-priority-queue, ordered-set|
2354|Number of Excellent Pairs|Hard|number-of-excellent-pairs|array, hash-table, binary-search, bit-manipulation|
2356|Number of Unique Subjects Taught by Each Teacher|Easy|number-of-unique-subjects-taught-by-each-teacher|database|
2357|Make Array Zero by Subtracting Equal Amounts|Easy|make-array-zero-by-subtracting-equal-amounts|array, hash-table, greedy, sorting, heap-priority-queue, simulation|
2358|Maximum Number of Groups Entering a Competition|Medium|maximum-number-of-groups-entering-a-competition|array, math, binary-search, greedy|
2359|Find Closest Node to Given Two Nodes|Medium|find-closest-node-to-given-two-nodes|depthfirst-search, graph|
2360|Longest Cycle in a Graph|Hard|longest-cycle-in-a-graph|depthfirst-search, breadthfirst-search, graph, topological-sort|
2363|Merge Similar Items|Easy|merge-similar-items|array, hash-table, sorting, ordered-set|
2364|Count Number of Bad Pairs|Medium|count-number-of-bad-pairs|array, hash-table, math, counting|
2365|Task Scheduler II|Medium|task-scheduler-ii|array, hash-table, simulation|
2366|Minimum Replacements to Sort the Array|Hard|minimum-replacements-to-sort-the-array|array, math, greedy|
2367|Number of Arithmetic Triplets|Easy|number-of-arithmetic-triplets|array, hash-table, two-pointers, enumeration|
2368|Reachable Nodes With Restrictions|Medium|reachable-nodes-with-restrictions|array, hash-table, tree, depthfirst-search, breadthfirst-search, union-find, graph|
2369|Check if There is a Valid Partition For The Array|Medium|check-if-there-is-a-valid-partition-for-the-array|array, dynamic-programming|
2370|Longest Ideal Subsequence|Medium|longest-ideal-subsequence|hash-table, string, dynamic-programming|
2373|Largest Local Values in a Matrix|Easy|largest-local-values-in-a-matrix|array, matrix|
2374|Node With Highest Edge Score|Medium|node-with-highest-edge-score|hash-table, graph|
2375|Construct Smallest Number From DI String|Medium|construct-smallest-number-from-di-string|string, backtracking, stack, greedy|
2376|Count Special Integers|Hard|count-special-integers|math, dynamic-programming|
2379|Minimum Recolors to Get K Consecutive Black Blocks|Easy|minimum-recolors-to-get-k-consecutive-black-blocks|string, sliding-window|
2380|Time Needed to Rearrange a Binary String|Medium|time-needed-to-rearrange-a-binary-string|string, dynamic-programming, simulation|
2381|Shifting Letters II|Medium|shifting-letters-ii|array, string, prefix-sum|
2382|Maximum Segment Sum After Removals|Hard|maximum-segment-sum-after-removals|array, union-find, prefix-sum, ordered-set|
2383|Minimum Hours of Training to Win a Competition|Easy|minimum-hours-of-training-to-win-a-competition|array, greedy|
2384|Largest Palindromic Number|Medium|largest-palindromic-number|hash-table, string, greedy, counting|
2385|Amount of Time for Binary Tree to Be Infected|Medium|amount-of-time-for-binary-tree-to-be-infected|hash-table, tree, depthfirst-search, breadthfirst-search, binary-tree|
2386|Find the K-Sum of an Array|Hard|find-the-k-sum-of-an-array|array, sorting, heap-priority-queue|
2389|Longest Subsequence With Limited Sum|Easy|longest-subsequence-with-limited-sum|array, binary-search, greedy, sorting, prefix-sum|
2390|Removing Stars From a String|Medium|removing-stars-from-a-string|string, stack, simulation|
2391|Minimum Amount of Time to Collect Garbage|Medium|minimum-amount-of-time-to-collect-garbage|array, string, prefix-sum|
2392|Build a Matrix With Conditions|Hard|build-a-matrix-with-conditions|array, graph, topological-sort, matrix|
2395|Find Subarrays With Equal Sum|Easy|find-subarrays-with-equal-sum|array, hash-table|
2396|Strictly Palindromic Number|Medium|strictly-palindromic-number|math, two-pointers, brainteaser|
2397|Maximum Rows Covered by Columns|Medium|maximum-rows-covered-by-columns|array, backtracking, bit-manipulation, matrix, enumeration|
2398|Maximum Number of Robots Within Budget|Hard|maximum-number-of-robots-within-budget|array, binary-search, queue, sliding-window, heap-priority-queue, prefix-sum, monotonic-queue|
2399|Check Distances Between Same Letters|Easy|check-distances-between-same-letters|array, hash-table, string|
2400|Number of Ways to Reach a Position After Exactly k Steps|Medium|number-of-ways-to-reach-a-position-after-exactly-k-steps|math, dynamic-programming, combinatorics|
2401|Longest Nice Subarray|Medium|longest-nice-subarray|array, bit-manipulation, sliding-window|
2402|Meeting Rooms III|Hard|meeting-rooms-iii|array, hash-table, sorting, heap-priority-queue, simulation|
2404|Most Frequent Even Element|Easy|most-frequent-even-element|array, hash-table, counting|
2405|Optimal Partition of String|Medium|optimal-partition-of-string|hash-table, string, greedy|
2406|Divide Intervals Into Minimum Number of Groups|Medium|divide-intervals-into-minimum-number-of-groups|array, two-pointers, greedy, sorting, heap-priority-queue, prefix-sum|
2407|Longest Increasing Subsequence II|Hard|longest-increasing-subsequence-ii|array, divide-and-conquer, dynamic-programming, binary-indexed-tree, segment-tree, queue, monotonic-queue|
2409|Count Days Spent Together|Easy|count-days-spent-together|math, string|
2410|Maximum Matching of Players With Trainers|Medium|maximum-matching-of-players-with-trainers|array, two-pointers, greedy, sorting|
2411|Smallest Subarrays With Maximum Bitwise OR|Medium|smallest-subarrays-with-maximum-bitwise-or|array, binary-search, bit-manipulation, sliding-window|
2412|Minimum Money Required Before Transactions|Hard|minimum-money-required-before-transactions|array, greedy, sorting|
2413|Smallest Even Multiple|Easy|smallest-even-multiple|math, number-theory|
2414|Length of the Longest Alphabetical Continuous Substring|Medium|length-of-the-longest-alphabetical-continuous-substring|string|
2415|Reverse Odd Levels of Binary Tree|Medium|reverse-odd-levels-of-binary-tree|tree, depthfirst-search, breadthfirst-search, binary-tree|
2416|Sum of Prefix Scores of Strings|Hard|sum-of-prefix-scores-of-strings|array, string, trie, counting|
2418|Sort the People|Easy|sort-the-people|array, hash-table, string, sorting|
2419|Longest Subarray With Maximum Bitwise AND|Medium|longest-subarray-with-maximum-bitwise-and|array, bit-manipulation, brainteaser|
2420|Find All Good Indices|Medium|find-all-good-indices|array, dynamic-programming, prefix-sum|
2421|Number of Good Paths|Hard|number-of-good-paths|array, hash-table, tree, union-find, graph, sorting|
2423|Remove Letter To Equalize Frequency|Easy|remove-letter-to-equalize-frequency|hash-table, string, counting|
2424|Longest Uploaded Prefix|Medium|longest-uploaded-prefix|hash-table, binary-search, union-find, design, binary-indexed-tree, segment-tree, heap-priority-queue, ordered-set|
2425|Bitwise XOR of All Pairings|Medium|bitwise-xor-of-all-pairings|array, bit-manipulation, brainteaser|
2426|Number of Pairs Satisfying Inequality|Hard|number-of-pairs-satisfying-inequality|array, binary-search, divide-and-conquer, binary-indexed-tree, segment-tree, merge-sort, ordered-set|
2427|Number of Common Factors|Easy|number-of-common-factors|math, enumeration, number-theory|
2428|Maximum Sum of an Hourglass|Medium|maximum-sum-of-an-hourglass|array, matrix, prefix-sum|
2429|Minimize XOR|Medium|minimize-xor|greedy, bit-manipulation|
2430|Maximum Deletions on a String|Hard|maximum-deletions-on-a-string|string, dynamic-programming, rolling-hash, string-matching, hash-function|
2432|The Employee That Worked on the Longest Task|Easy|the-employee-that-worked-on-the-longest-task|array|
2433|Find The Original Array of Prefix Xor|Medium|find-the-original-array-of-prefix-xor|array, bit-manipulation|
2434|Using a Robot to Print the Lexicographically Smallest String|Medium|using-a-robot-to-print-the-lexicographically-smallest-string|hash-table, string, stack, greedy|
2435|Paths in Matrix Whose Sum Is Divisible by K|Hard|paths-in-matrix-whose-sum-is-divisible-by-k|array, dynamic-programming, matrix|
2437|Number of Valid Clock Times|Easy|number-of-valid-clock-times|string, enumeration|
2438|Range Product Queries of Powers|Medium|range-product-queries-of-powers|array, bit-manipulation, prefix-sum|
2439|Minimize Maximum of Array|Medium|minimize-maximum-of-array|array, binary-search, dynamic-programming, greedy, prefix-sum|
2440|Create Components With Same Value|Hard|create-components-with-same-value|array, math, tree, depthfirst-search, enumeration|
2441|Largest Positive Integer That Exists With Its Negative|Easy|largest-positive-integer-that-exists-with-its-negative|array, hash-table, two-pointers, sorting|
2442|Count Number of Distinct Integers After Reverse Operations|Medium|count-number-of-distinct-integers-after-reverse-operations|array, hash-table, math, counting|
2443|Sum of Number and Its Reverse|Medium|sum-of-number-and-its-reverse|math, enumeration|
2444|Count Subarrays With Fixed Bounds|Hard|count-subarrays-with-fixed-bounds|array, queue, sliding-window, monotonic-queue|
2446|Determine if Two Events Have Conflict|Easy|determine-if-two-events-have-conflict|array, string|
2447|Number of Subarrays With GCD Equal to K|Medium|number-of-subarrays-with-gcd-equal-to-k|array, math, number-theory|
2448|Minimum Cost to Make Array Equal|Hard|minimum-cost-to-make-array-equal|array, binary-search, greedy, sorting, prefix-sum|
2449|Minimum Number of Operations to Make Arrays Similar|Hard|minimum-number-of-operations-to-make-arrays-similar|array, greedy, sorting|
2451|Odd String Difference|Easy|odd-string-difference|array, hash-table, string|
2452|Words Within Two Edits of Dictionary|Medium|words-within-two-edits-of-dictionary|array, string, trie|
2453|Destroy Sequential Targets|Medium|destroy-sequential-targets|array, hash-table, counting|
2454|Next Greater Element IV|Hard|next-greater-element-iv|array, binary-search, stack, sorting, heap-priority-queue, monotonic-stack|
2455|Average Value of Even Numbers That Are Divisible by Three|Easy|average-value-of-even-numbers-that-are-divisible-by-three|array, math|
2456|Most Popular Video Creator|Medium|most-popular-video-creator|array, hash-table, string, sorting, heap-priority-queue|
2457|Minimum Addition to Make Integer Beautiful|Medium|minimum-addition-to-make-integer-beautiful|math, greedy|
2458|Height of Binary Tree After Subtree Removal Queries|Hard|height-of-binary-tree-after-subtree-removal-queries|array, tree, depthfirst-search, breadthfirst-search, binary-tree|
2460|Apply Operations to an Array|Easy|apply-operations-to-an-array|array, two-pointers, simulation|
2461|Maximum Sum of Distinct Subarrays With Length K|Medium|maximum-sum-of-distinct-subarrays-with-length-k|array, hash-table, sliding-window|
2462|Total Cost to Hire K Workers|Medium|total-cost-to-hire-k-workers|array, two-pointers, heap-priority-queue, simulation|
2463|Minimum Total Distance Traveled|Hard|minimum-total-distance-traveled|array, dynamic-programming, sorting|
2465|Number of Distinct Averages|Easy|number-of-distinct-averages|array, hash-table, two-pointers, sorting|
2466|Count Ways To Build Good Strings|Medium|count-ways-to-build-good-strings|dynamic-programming|
2467|Most Profitable Path in a Tree|Medium|most-profitable-path-in-a-tree|array, tree, depthfirst-search, breadthfirst-search, graph|
2468|Split Message Based on Limit|Hard|split-message-based-on-limit|string, binary-search, enumeration|
2469|Convert the Temperature|Easy|convert-the-temperature|math|
2470|Number of Subarrays With LCM Equal to K|Medium|number-of-subarrays-with-lcm-equal-to-k|array, math, number-theory|
2471|Minimum Number of Operations to Sort a Binary Tree by Level|Medium|minimum-number-of-operations-to-sort-a-binary-tree-by-level|tree, breadthfirst-search, binary-tree|
2472|Maximum Number of Non-overlapping Palindrome Substrings|Hard|maximum-number-of-non-overlapping-palindrome-substrings|two-pointers, string, dynamic-programming, greedy|
2475|Number of Unequal Triplets in Array|Easy|number-of-unequal-triplets-in-array|array, hash-table, sorting|
2476|Closest Nodes Queries in a Binary Search Tree|Medium|closest-nodes-queries-in-a-binary-search-tree|array, binary-search, tree, depthfirst-search, binary-search-tree, binary-tree|
2477|Minimum Fuel Cost to Report to the Capital|Medium|minimum-fuel-cost-to-report-to-the-capital|tree, depthfirst-search, breadthfirst-search, graph|
2478|Number of Beautiful Partitions|Hard|number-of-beautiful-partitions|string, dynamic-programming|
2481|Minimum Cuts to Divide a Circle|Easy|minimum-cuts-to-divide-a-circle|math, geometry|
2482|Difference Between Ones and Zeros in Row and Column|Medium|difference-between-ones-and-zeros-in-row-and-column|array, matrix, simulation|
2483|Minimum Penalty for a Shop|Medium|minimum-penalty-for-a-shop|string, prefix-sum|
2484|Count Palindromic Subsequences|Hard|count-palindromic-subsequences|string, dynamic-programming|
2485|Find the Pivot Integer|Easy|find-the-pivot-integer|math, prefix-sum|
2486|Append Characters to String to Make Subsequence|Medium|append-characters-to-string-to-make-subsequence|two-pointers, string, greedy|
2487|Remove Nodes From Linked List|Medium|remove-nodes-from-linked-list|linked-list, stack, recursion, monotonic-stack|
2488|Count Subarrays With Median K|Hard|count-subarrays-with-median-k|array, hash-table, prefix-sum|
2490|Circular Sentence|Easy|circular-sentence|string|
2491|Divide Players Into Teams of Equal Skill|Medium|divide-players-into-teams-of-equal-skill|array, hash-table, two-pointers, sorting|
2492|Minimum Score of a Path Between Two Cities|Medium|minimum-score-of-a-path-between-two-cities|depthfirst-search, breadthfirst-search, union-find, graph|
2493|Divide Nodes Into the Maximum Number of Groups|Hard|divide-nodes-into-the-maximum-number-of-groups|depthfirst-search, breadthfirst-search, union-find, graph|
2496|Maximum Value of a String in an Array|Easy|maximum-value-of-a-string-in-an-array|array, string|
2497|Maximum Star Sum of a Graph|Medium|maximum-star-sum-of-a-graph|array, greedy, graph, sorting, heap-priority-queue|
2498|Frog Jump II|Medium|frog-jump-ii|array, binary-search, greedy|
2499|Minimum Total Cost to Make Arrays Unequal|Hard|minimum-total-cost-to-make-arrays-unequal|array, hash-table, greedy, counting|
2500|Delete Greatest Value in Each Row|Easy|delete-greatest-value-in-each-row|array, sorting, heap-priority-queue, matrix, simulation|
2501|Longest Square Streak in an Array|Medium|longest-square-streak-in-an-array|array, hash-table, binary-search, dynamic-programming, sorting|
2502|Design Memory Allocator|Medium|design-memory-allocator|array, hash-table, design, simulation|
2503|Maximum Number of Points From Grid Queries|Hard|maximum-number-of-points-from-grid-queries|array, two-pointers, breadthfirst-search, union-find, sorting, heap-priority-queue, matrix|
2506|Count Pairs Of Similar Strings|Easy|count-pairs-of-similar-strings|array, hash-table, string, bit-manipulation, counting|
2507|Smallest Value After Replacing With Sum of Prime Factors|Medium|smallest-value-after-replacing-with-sum-of-prime-factors|math, simulation, number-theory|
2508|Add Edges to Make Degrees of All Nodes Even|Hard|add-edges-to-make-degrees-of-all-nodes-even|hash-table, graph|
2509|Cycle Length Queries in a Tree|Hard|cycle-length-queries-in-a-tree|array, tree, binary-tree|
2511|Maximum Enemy Forts That Can Be Captured|Easy|maximum-enemy-forts-that-can-be-captured|array, two-pointers|
2512|Reward Top K Students|Medium|reward-top-k-students|array, hash-table, string, sorting, heap-priority-queue|
2513|Minimize the Maximum of Two Arrays|Medium|minimize-the-maximum-of-two-arrays|math, binary-search, number-theory|
2514|Count Anagrams|Hard|count-anagrams|hash-table, math, string, combinatorics, counting|
2515|Shortest Distance to Target String in a Circular Array|Easy|shortest-distance-to-target-string-in-a-circular-array|array, string|
2516|Take K of Each Character From Left and Right|Medium|take-k-of-each-character-from-left-and-right|hash-table, string, sliding-window|
2517|Maximum Tastiness of Candy Basket|Medium|maximum-tastiness-of-candy-basket|array, binary-search, greedy, sorting|
2518|Number of Great Partitions|Hard|number-of-great-partitions|array, dynamic-programming|
2520|Count the Digits That Divide a Number|Easy|count-the-digits-that-divide-a-number|math|
2521|Distinct Prime Factors of Product of Array|Medium|distinct-prime-factors-of-product-of-array|array, hash-table, math, number-theory|
2522|Partition String Into Substrings With Values at Most K|Medium|partition-string-into-substrings-with-values-at-most-k|string, dynamic-programming, greedy|
2523|Closest Prime Numbers in Range|Medium|closest-prime-numbers-in-range|math, number-theory|
2525|Categorize Box According to Criteria|Easy|categorize-box-according-to-criteria|math|
2526|Find Consecutive Integers from a Data Stream|Medium|find-consecutive-integers-from-a-data-stream|hash-table, design, queue, counting, data-stream|
2527|Find Xor-Beauty of Array|Medium|find-xor-beauty-of-array|array, math, bit-manipulation|
2528|Maximize the Minimum Powered City|Hard|maximize-the-minimum-powered-city|array, binary-search, greedy, queue, sliding-window, prefix-sum|
2529|Maximum Count of Positive Integer and Negative Integer|Easy|maximum-count-of-positive-integer-and-negative-integer|array, binary-search, counting|
2530|Maximal Score After Applying K Operations|Medium|maximal-score-after-applying-k-operations|array, greedy, heap-priority-queue|
2531|Make Number of Distinct Characters Equal|Medium|make-number-of-distinct-characters-equal|hash-table, string, counting|
2532|Time to Cross a Bridge|Hard|time-to-cross-a-bridge|array, heap-priority-queue, simulation|
2535|Difference Between Element Sum and Digit Sum of an Array|Easy|difference-between-element-sum-and-digit-sum-of-an-array|array, math|
2536|Increment Submatrices by One|Medium|increment-submatrices-by-one|array, matrix, prefix-sum|
2537|Count the Number of Good Subarrays|Medium|count-the-number-of-good-subarrays|array, hash-table, sliding-window|
2538|Difference Between Maximum and Minimum Price Sum|Hard|difference-between-maximum-and-minimum-price-sum|array, dynamic-programming, tree, depthfirst-search|
2540|Minimum Common Value|Easy|minimum-common-value|array, hash-table, two-pointers, binary-search|
2541|Minimum Operations to Make Array Equal II|Medium|minimum-operations-to-make-array-equal-ii|array, math, greedy|
2542|Maximum Subsequence Score|Medium|maximum-subsequence-score|array, greedy, sorting, heap-priority-queue|
2543|Check if Point Is Reachable|Hard|check-if-point-is-reachable|math, number-theory|
2544|Alternating Digit Sum|Easy|alternating-digit-sum|math|
2545|Sort the Students by Their Kth Score|Medium|sort-the-students-by-their-kth-score|array, sorting, matrix|
2546|Apply Bitwise Operations to Make Strings Equal|Medium|apply-bitwise-operations-to-make-strings-equal|string, bit-manipulation|
2547|Minimum Cost to Split an Array|Hard|minimum-cost-to-split-an-array|array, hash-table, dynamic-programming, counting|
2549|Count Distinct Numbers on Board|Easy|count-distinct-numbers-on-board|array, hash-table, math, simulation|
2550|Count Collisions of Monkeys on a Polygon|Medium|count-collisions-of-monkeys-on-a-polygon|math, recursion|
2551|Put Marbles in Bags|Hard|put-marbles-in-bags|array, greedy, sorting, heap-priority-queue|
2552|Count Increasing Quadruplets|Hard|count-increasing-quadruplets|array, dynamic-programming, binary-indexed-tree, enumeration, prefix-sum|
2553|Separate the Digits in an Array|Easy|separate-the-digits-in-an-array|array, simulation|
2554|Maximum Number of Integers to Choose From a Range I|Medium|maximum-number-of-integers-to-choose-from-a-range-i|array, hash-table, binary-search, greedy, sorting|
2555|Maximize Win From Two Segments|Medium|maximize-win-from-two-segments|array, binary-search, sliding-window|
2556|Disconnect Path in a Binary Matrix by at Most One Flip|Medium|disconnect-path-in-a-binary-matrix-by-at-most-one-flip|array, dynamic-programming, depthfirst-search, breadthfirst-search, matrix|
2558|Take Gifts From the Richest Pile|Easy|take-gifts-from-the-richest-pile|array, heap-priority-queue, simulation|
2559|Count Vowel Strings in Ranges|Medium|count-vowel-strings-in-ranges|array, string, prefix-sum|
2560|House Robber IV|Medium|house-robber-iv|array, binary-search, dynamic-programming, greedy|
2561|Rearranging Fruits|Hard|rearranging-fruits|array, hash-table, greedy, sort|
2562|Find the Array Concatenation Value|Easy|find-the-array-concatenation-value|array, two-pointers, simulation|
2563|Count the Number of Fair Pairs|Medium|count-the-number-of-fair-pairs|array, two-pointers, binary-search, sorting|
2564|Substring XOR Queries|Medium|substring-xor-queries|array, hash-table, string, bit-manipulation|
2565|Subsequence With the Minimum Score|Hard|subsequence-with-the-minimum-score|two-pointers, string, binary-search|
2566|Maximum Difference by Remapping a Digit|Easy|maximum-difference-by-remapping-a-digit|math, greedy|
2567|Minimum Score by Changing Two Elements|Medium|minimum-score-by-changing-two-elements|array, greedy, sorting|
2568|Minimum Impossible OR|Medium|minimum-impossible-or|array, bit-manipulation, brainteaser|
2569|Handling Sum Queries After Update|Hard|handling-sum-queries-after-update|array, segment-tree|
2570|Merge Two 2D Arrays by Summing Values|Easy|merge-two-2d-arrays-by-summing-values|array, hash-table, two-pointers|
2571|Minimum Operations to Reduce an Integer to 0|Medium|minimum-operations-to-reduce-an-integer-to-0|dynamic-programming, greedy, bit-manipulation|
2572|Count the Number of Square-Free Subsets|Medium|count-the-number-of-square-free-subsets|array, math, dynamic-programming, bit-manipulation, bitmask|
2573|Find the String with LCP|Hard|find-the-string-with-lcp|array, string, dynamic-programming, greedy, union-find, matrix|
2574|Left and Right Sum Differences|Easy|left-and-right-sum-differences|array, prefix-sum|
2575|Find the Divisibility Array of a String|Medium|find-the-divisibility-array-of-a-string|array, math, string|
2576|Find the Maximum Number of Marked Indices|Medium|find-the-maximum-number-of-marked-indices|array, two-pointers, binary-search, greedy, sorting|
2577|Minimum Time to Visit a Cell In a Grid|Hard|minimum-time-to-visit-a-cell-in-a-grid|array, breadthfirst-search, graph, heap-priority-queue, matrix, shortest-path|
2578|Split With Minimum Sum|Easy|split-with-minimum-sum|math, greedy, sorting|
2579|Count Total Number of Colored Cells|Medium|count-total-number-of-colored-cells|math|
2580|Count Ways to Group Overlapping Ranges|Medium|count-ways-to-group-overlapping-ranges|array, sorting|
2581|Count Number of Possible Root Nodes|Hard|count-number-of-possible-root-nodes|array, hash-table, dynamic-programming, tree, depthfirst-search|
2582|Pass the Pillow|Easy|pass-the-pillow|math, simulation|
2583|Kth Largest Sum in a Binary Tree|Medium|kth-largest-sum-in-a-binary-tree|tree, breadthfirst-search, sorting, binary-tree|
2584|Split the Array to Make Coprime Products|Hard|split-the-array-to-make-coprime-products|array, hash-table, math, number-theory|
2585|Number of Ways to Earn Points|Hard|number-of-ways-to-earn-points|array, dynamic-programming|
2586|Count the Number of Vowel Strings in Range|Easy|count-the-number-of-vowel-strings-in-range|array, string, counting|
2587|Rearrange Array to Maximize Prefix Score|Medium|rearrange-array-to-maximize-prefix-score|array, greedy, sorting, prefix-sum|
2588|Count the Number of Beautiful Subarrays|Medium|count-the-number-of-beautiful-subarrays|array, hash-table, bit-manipulation, prefix-sum|
2589|Minimum Time to Complete All Tasks|Hard|minimum-time-to-complete-all-tasks|array, binary-search, stack, greedy, sorting|
2591|Distribute Money to Maximum Children|Easy|distribute-money-to-maximum-children|math, greedy|
2592|Maximize Greatness of an Array|Medium|maximize-greatness-of-an-array|array, two-pointers, greedy, sorting|
2593|Find Score of an Array After Marking All Elements|Medium|find-score-of-an-array-after-marking-all-elements|array, hash-table, sorting, heap-priority-queue, simulation|
2594|Minimum Time to Repair Cars|Medium|minimum-time-to-repair-cars|array, binary-search|
2595|Number of Even and Odd Bits|Easy|number-of-even-and-odd-bits|bit-manipulation|
2596|Check Knight Tour Configuration|Medium|check-knight-tour-configuration|array, depthfirst-search, breadthfirst-search, matrix, simulation|
2597|The Number of Beautiful Subsets|Medium|the-number-of-beautiful-subsets|array, hash-table, math, dynamic-programming, backtracking, sorting, combinatorics|
2598|Smallest Missing Non-negative Integer After Operations|Medium|smallest-missing-non-negative-integer-after-operations|array, hash-table, math, greedy|
2600|K Items With the Maximum Sum|Easy|k-items-with-the-maximum-sum|math, greedy|
2601|Prime Subtraction Operation|Medium|prime-subtraction-operation|array, math, binary-search, greedy, number-theory|
2602|Minimum Operations to Make All Array Elements Equal|Medium|minimum-operations-to-make-all-array-elements-equal|array, binary-search, sorting, prefix-sum|
2603|Collect Coins in a Tree|Hard|collect-coins-in-a-tree|array, tree, graph, topological-sort|
2605|Form Smallest Number From Two Digit Arrays|Easy|form-smallest-number-from-two-digit-arrays|array, hash-table, enumeration|
2606|Find the Substring With Maximum Cost|Medium|find-the-substring-with-maximum-cost|array, hash-table, string, dynamic-programming|
2607|Make K-Subarray Sums Equal|Medium|make-k-subarray-sums-equal|array, math, greedy, sorting, number-theory|
2608|Shortest Cycle in a Graph|Hard|shortest-cycle-in-a-graph|breadthfirst-search, graph|
2609|Find the Longest Balanced Substring of a Binary String|Easy|find-the-longest-balanced-substring-of-a-binary-string|string|
2610|Convert an Array Into a 2D Array With Conditions|Medium|convert-an-array-into-a-2d-array-with-conditions|array, hash-table|
2611|Mice and Cheese|Medium|mice-and-cheese|array, greedy, sorting, heap-priority-queue|
2612|Minimum Reverse Operations|Hard|minimum-reverse-operations|array, breadthfirst-search, ordered-set|
2614|Prime In Diagonal|Easy|prime-in-diagonal|array, math, matrix, number-theory|
2615|Sum of Distances|Medium|sum-of-distances|array, hash-table, prefix-sum|
2616|Minimize the Maximum Difference of Pairs|Medium|minimize-the-maximum-difference-of-pairs|array, binary-search, dynamic-programming, greedy, sorting|
2617|Minimum Number of Visited Cells in a Grid|Hard|minimum-number-of-visited-cells-in-a-grid|array, dynamic-programming, stack, breadthfirst-search, union-find, heap-priority-queue, matrix, monotonic-stack|
2618|Check if Object Instance of Class|Medium|check-if-object-instance-of-class||
2619|Array Prototype Last|Easy|array-prototype-last||
2620|Counter|Easy|counter||
2621|Sleep|Easy|sleep||
2622|Cache With Time Limit|Medium|cache-with-time-limit||
2623|Memoize|Medium|memoize||
2624|Snail Traversal|Medium|snail-traversal||
2625|Flatten Deeply Nested Array|Medium|flatten-deeply-nested-array||
2626|Array Reduce Transformation|Easy|array-reduce-transformation||
2627|Debounce|Medium|debounce||
2629|Function Composition|Easy|function-composition||
2630|Memoize II|Hard|memoize-ii||
2631|Group By|Medium|group-by||
2634|Filter Elements from Array|Easy|filter-elements-from-array||
2635|Apply Transform Over Each Element in Array|Easy|apply-transform-over-each-element-in-array||
2637|Promise Time Limit|Medium|promise-time-limit||
2639|Find the Width of Columns of a Grid|Easy|find-the-width-of-columns-of-a-grid|array, matrix|
2640|Find the Score of All Prefixes of an Array|Medium|find-the-score-of-all-prefixes-of-an-array|array, prefix-sum|
2641|Cousins in Binary Tree II|Medium|cousins-in-binary-tree-ii|hash-table, tree, depthfirst-search, breadthfirst-search, binary-tree|
2642|Design Graph With Shortest Path Calculator|Hard|design-graph-with-shortest-path-calculator|graph, design, heap-priority-queue, shortest-path|
2643|Row With Maximum Ones|Easy|row-with-maximum-ones|array, matrix|
2644|Find the Maximum Divisibility Score|Easy|find-the-maximum-divisibility-score|array|
2645|Minimum Additions to Make Valid String|Medium|minimum-additions-to-make-valid-string|string, dynamic-programming, stack, greedy|
2646|Minimize the Total Price of the Trips|Hard|minimize-the-total-price-of-the-trips|array, dynamic-programming, tree, depthfirst-search, graph|
2648|Generate Fibonacci Sequence|Easy|generate-fibonacci-sequence||
2649|Nested Array Generator|Medium|nested-array-generator||
2650|Design Cancellable Function|Hard|design-cancellable-function||
2651|Calculate Delayed Arrival Time|Easy|calculate-delayed-arrival-time|math|
2652|Sum Multiples|Easy|sum-multiples|math|
2653|Sliding Subarray Beauty|Medium|sliding-subarray-beauty|array, hash-table, sliding-window|
2654|Minimum Number of Operations to Make All Array Elements Equal to 1|Medium|minimum-number-of-operations-to-make-all-array-elements-equal-to-1|array, math, number-theory|
2656|Maximum Sum With Exactly K Elements |Easy|maximum-sum-with-exactly-k-elements|array, greedy|
2657|Find the Prefix Common Array of Two Arrays|Medium|find-the-prefix-common-array-of-two-arrays|array, hash-table, bit-manipulation|
2658|Maximum Number of Fish in a Grid|Medium|maximum-number-of-fish-in-a-grid|array, depthfirst-search, breadthfirst-search, union-find, matrix|
2659|Make Array Empty|Hard|make-array-empty|array, binary-search, greedy, binary-indexed-tree, segment-tree, sorting, ordered-set|
2660|Determine the Winner of a Bowling Game|Easy|determine-the-winner-of-a-bowling-game|array, simulation|
2661|First Completely Painted Row or Column|Medium|first-completely-painted-row-or-column|array, hash-table, matrix|
2662|Minimum Cost of a Path With Special Roads|Medium|minimum-cost-of-a-path-with-special-roads|array, graph, heap-priority-queue, shortest-path|
2663|Lexicographically Smallest Beautiful String|Hard|lexicographically-smallest-beautiful-string|string, greedy|
2665|Counter II|Easy|counter-ii||
2666|Allow One Function Call|Easy|allow-one-function-call||
2667|Create Hello World Function|Easy|create-hello-world-function||
2670|Find the Distinct Difference Array|Easy|find-the-distinct-difference-array|array, hash-table|
2671|Frequency Tracker|Medium|frequency-tracker|hash-table, design|
2672|Number of Adjacent Elements With the Same Color|Medium|number-of-adjacent-elements-with-the-same-color|array|
2673|Make Costs of Paths Equal in a Binary Tree|Medium|make-costs-of-paths-equal-in-a-binary-tree|array, dynamic-programming, greedy, tree, binary-tree|
2677|Chunk Array|Easy|chunk-array||
2678|Number of Senior Citizens|Easy|number-of-senior-citizens|array, string|
2679|Sum in a Matrix|Medium|sum-in-a-matrix|array, sorting, heap-priority-queue, matrix, simulation|
2680|Maximum OR|Medium|maximum-or|array, greedy, bit-manipulation, prefix-sum|
2681|Power of Heroes|Hard|power-of-heroes|array, math, dynamic-programming, sorting, prefix-sum|
2682|Find the Losers of the Circular Game|Easy|find-the-losers-of-the-circular-game|array, hash-table, simulation|
2683|Neighboring Bitwise XOR|Medium|neighboring-bitwise-xor|array, bit-manipulation|
2684|Maximum Number of Moves in a Grid|Medium|maximum-number-of-moves-in-a-grid|array, dynamic-programming, matrix|
2685|Count the Number of Complete Components|Medium|count-the-number-of-complete-components|depthfirst-search, breadthfirst-search, union-find, graph|
2693|Call Function with Custom Context|Medium|call-function-with-custom-context||
2694|Event Emitter|Medium|event-emitter||
2695|Array Wrapper|Easy|array-wrapper||
2696|Minimum String Length After Removing Substrings|Easy|minimum-string-length-after-removing-substrings|string, stack, simulation|
2697|Lexicographically Smallest Palindrome|Easy|lexicographically-smallest-palindrome|two-pointers, string, greedy|
2698|Find the Punishment Number of an Integer|Medium|find-the-punishment-number-of-an-integer|math, backtracking|
2699|Modify Graph Edge Weights|Hard|modify-graph-edge-weights|graph, heap-priority-queue, shortest-path|
2703|Return Length of Arguments Passed|Easy|return-length-of-arguments-passed||
2704|To Be Or Not To Be|Easy|to-be-or-not-to-be||
2705|Compact Object|Medium|compact-object||
2706|Buy Two Chocolates|Easy|buy-two-chocolates|array, greedy, sorting|
2707|Extra Characters in a String|Medium|extra-characters-in-a-string|array, hash-table, string, dynamic-programming, trie|
2708|Maximum Strength of a Group|Medium|maximum-strength-of-a-group|array, dynamic-programming, backtracking, greedy, bit-manipulation, sorting, enumeration|
2709|Greatest Common Divisor Traversal|Hard|greatest-common-divisor-traversal|array, math, union-find, number-theory|
2710|Remove Trailing Zeros From a String|Easy|remove-trailing-zeros-from-a-string|string|
2711|Difference of Number of Distinct Values on Diagonals|Medium|difference-of-number-of-distinct-values-on-diagonals|array, hash-table, matrix|
2712|Minimum Cost to Make All Characters Equal|Medium|minimum-cost-to-make-all-characters-equal|string, dynamic-programming, greedy|
2713|Maximum Strictly Increasing Cells in a Matrix|Hard|maximum-strictly-increasing-cells-in-a-matrix|array, hash-table, binary-search, dynamic-programming, memoization, sorting, matrix, ordered-set|
2715|Timeout Cancellation|Easy|timeout-cancellation||
2716|Minimize String Length|Easy|minimize-string-length|hash-table, string|
2717|Semi-Ordered Permutation|Easy|semi-ordered-permutation|array, simulation|
2718|Sum of Matrix After Queries|Medium|sum-of-matrix-after-queries|array, hash-table|
2719|Count of Integers|Hard|count-of-integers|math, string, dynamic-programming|
2721|Execute Asynchronous Functions in Parallel|Medium|execute-asynchronous-functions-in-parallel||
2722|Join Two Arrays by ID|Medium|join-two-arrays-by-id||
2723|Add Two Promises|Easy|add-two-promises||
2724|Sort By|Easy|sort-by||
2725|Interval Cancellation|Easy|interval-cancellation||
2726|Calculator with Method Chaining|Easy|calculator-with-method-chaining||
2727|Is Object Empty|Easy|is-object-empty||
2729|Check if The Number is Fascinating|Easy|check-if-the-number-is-fascinating|hash-table, math|
2730|Find the Longest Semi-Repetitive Substring|Medium|find-the-longest-semi-repetitive-substring|string, sliding-window|
2731|Movement of Robots|Medium|movement-of-robots|array, brainteaser, sorting, prefix-sum|
2732|Find a Good Subset of the Matrix|Hard|find-a-good-subset-of-the-matrix|array, hash-table, bit-manipulation, matrix|
2733|Neither Minimum nor Maximum|Easy|neither-minimum-nor-maximum|array, sorting|
2734|Lexicographically Smallest String After Substring Operation|Medium|lexicographically-smallest-string-after-substring-operation|string, greedy|
2735|Collecting Chocolates|Medium|collecting-chocolates|array, enumeration|
2736|Maximum Sum Queries|Hard|maximum-sum-queries|array, binary-search, stack, binary-indexed-tree, segment-tree, sorting, monotonic-stack|
2739|Total Distance Traveled|Easy|total-distance-traveled|math, simulation|
2740|Find the Value of the Partition|Medium|find-the-value-of-the-partition|array, sorting|
2741|Special Permutations|Medium|special-permutations|array, dynamic-programming, bit-manipulation, bitmask|
2742|Painting the Walls|Hard|painting-the-walls|array, dynamic-programming|
2744|Find Maximum Number of String Pairs|Easy|find-maximum-number-of-string-pairs|array, hash-table, string, simulation|
2745|Construct the Longest New String|Medium|construct-the-longest-new-string|math, dynamic-programming, greedy, brainteaser|
2746|Decremental String Concatenation|Medium|decremental-string-concatenation|array, string, dynamic-programming|
2747|Count Zero Request Servers|Medium|count-zero-request-servers|array, hash-table, sliding-window, sorting|
2748|Number of Beautiful Pairs|Easy|number-of-beautiful-pairs|array, hash-table, math, counting, number-theory|
2749|Minimum Operations to Make the Integer Zero|Medium|minimum-operations-to-make-the-integer-zero|bit-manipulation, brainteaser, enumeration|
2750|Ways to Split Array Into Good Subarrays|Medium|ways-to-split-array-into-good-subarrays|array, math, dynamic-programming|
2751|Robot Collisions|Hard|robot-collisions|array, stack, sorting, simulation|
2760|Longest Even Odd Subarray With Threshold|Easy|longest-even-odd-subarray-with-threshold|array, sliding-window|
2761|Prime Pairs With Target Sum|Medium|prime-pairs-with-target-sum|array, math, enumeration, number-theory|
2762|Continuous Subarrays|Medium|continuous-subarrays|array, queue, sliding-window, heap-priority-queue, ordered-set, monotonic-queue|
2763|Sum of Imbalance Numbers of All Subarrays|Hard|sum-of-imbalance-numbers-of-all-subarrays|array, hash-table, ordered-set|
2765|Longest Alternating Subarray|Easy|longest-alternating-subarray|array, enumeration|
2766|Relocate Marbles|Medium|relocate-marbles|array, hash-table, sorting, simulation|
2767|Partition String Into Minimum Beautiful Substrings|Medium|partition-string-into-minimum-beautiful-substrings|hash-table, string, dynamic-programming, backtracking|
2768|Number of Black Blocks|Medium|number-of-black-blocks|array, hash-table, enumeration|
2769|Find the Maximum Achievable Number|Easy|find-the-maximum-achievable-number|math|
2770|Maximum Number of Jumps to Reach the Last Index|Medium|maximum-number-of-jumps-to-reach-the-last-index|array, dynamic-programming|
2771|Longest Non-decreasing Subarray From Two Arrays|Medium|longest-non-decreasing-subarray-from-two-arrays|array, dynamic-programming|
2772|Apply Operations to Make All Array Elements Equal to Zero|Medium|apply-operations-to-make-all-array-elements-equal-to-zero|array, prefix-sum|
2778|Sum of Squares of Special Elements |Easy|sum-of-squares-of-special-elements|array, enumeration|
2779|Maximum Beauty of an Array After Applying Operation|Medium|maximum-beauty-of-an-array-after-applying-operation|array, binary-search, sliding-window, sorting|
2780|Minimum Index of a Valid Split|Medium|minimum-index-of-a-valid-split|array, hash-table, sorting|
2781|Length of the Longest Valid Substring|Hard|length-of-the-longest-valid-substring|array, hash-table, string, sliding-window|
2784|Check if Array is Good|Easy|check-if-array-is-good|array, hash-table, sorting|
2785|Sort Vowels in a String|Medium|sort-vowels-in-a-string|string, sorting|
2786|Visit Array Positions to Maximize Score|Medium|visit-array-positions-to-maximize-score|array, dynamic-programming|
2787|Ways to Express an Integer as Sum of Powers|Medium|ways-to-express-an-integer-as-sum-of-powers|dynamic-programming|
2788|Split Strings by Separator|Easy|split-strings-by-separator|array, string|
2789|Largest Element in an Array after Merge Operations|Medium|largest-element-in-an-array-after-merge-operations|array, greedy|
2790|Maximum Number of Groups With Increasing Length|Hard|maximum-number-of-groups-with-increasing-length|array, math, binary-search, greedy, sorting|
2791|Count Paths That Can Form a Palindrome in a Tree|Hard|count-paths-that-can-form-a-palindrome-in-a-tree|dynamic-programming, bit-manipulation, tree, depthfirst-search, bitmask|
2798|Number of Employees Who Met the Target|Easy|number-of-employees-who-met-the-target|array|
2799|Count Complete Subarrays in an Array|Medium|count-complete-subarrays-in-an-array|array, hash-table, sliding-window|
2800|Shortest String That Contains Three Strings|Medium|shortest-string-that-contains-three-strings|string, greedy, enumeration|
2801|Count Stepping Numbers in Range|Hard|count-stepping-numbers-in-range|string, dynamic-programming|
2806|Account Balance After Rounded Purchase|Easy|account-balance-after-rounded-purchase|math|
2807|Insert Greatest Common Divisors in Linked List|Medium|insert-greatest-common-divisors-in-linked-list|linked-list, math, number-theory|
2808|Minimum Seconds to Equalize a Circular Array|Medium|minimum-seconds-to-equalize-a-circular-array|array, hash-table|
2809|Minimum Time to Make Array Sum At Most x|Hard|minimum-time-to-make-array-sum-at-most-x|array, dynamic-programming, sorting|
2810|Faulty Keyboard|Easy|faulty-keyboard|string, simulation|
2811|Check if it is Possible to Split Array|Medium|check-if-it-is-possible-to-split-array|array, dynamic-programming, greedy|
2812|Find the Safest Path in a Grid|Medium|find-the-safest-path-in-a-grid|array, binary-search, breadthfirst-search, union-find, heap-priority-queue, matrix|
2813|Maximum Elegance of a K-Length Subsequence|Hard|maximum-elegance-of-a-k-length-subsequence|array, hash-table, stack, greedy, sorting, heap-priority-queue|
2815|Max Pair Sum in an Array|Easy|max-pair-sum-in-an-array|array, hash-table|
2816|Double a Number Represented as a Linked List|Medium|double-a-number-represented-as-a-linked-list|linked-list, math, stack|
2817|Minimum Absolute Difference Between Elements With Constraint|Medium|minimum-absolute-difference-between-elements-with-constraint|array, binary-search, ordered-set|
2818|Apply Operations to Maximize Score|Hard|apply-operations-to-maximize-score|array, math, stack, greedy, sorting, monotonic-stack, number-theory|
2824|Count Pairs Whose Sum is Less than Target|Easy|count-pairs-whose-sum-is-less-than-target|array, two-pointers, binary-search, sorting|
2825|Make String a Subsequence Using Cyclic Increments|Medium|make-string-a-subsequence-using-cyclic-increments|two-pointers, string|
2826|Sorting Three Groups|Medium|sorting-three-groups|array, binary-search, dynamic-programming|
2827|Number of Beautiful Integers in the Range|Hard|number-of-beautiful-integers-in-the-range|math, dynamic-programming|
2828|Check if a String Is an Acronym of Words|Easy|check-if-a-string-is-an-acronym-of-words|array, string|
2829|Determine the Minimum Sum of a k-avoiding Array|Medium|determine-the-minimum-sum-of-a-k-avoiding-array|math, greedy|
2830|Maximize the Profit as the Salesman|Medium|maximize-the-profit-as-the-salesman|array, hash-table, binary-search, dynamic-programming, sorting|
2831|Find the Longest Equal Subarray|Medium|find-the-longest-equal-subarray|array, hash-table, binary-search, sliding-window|
2833|Furthest Point From Origin|Easy|furthest-point-from-origin|string, counting|
2834|Find the Minimum Possible Sum of a Beautiful Array|Medium|find-the-minimum-possible-sum-of-a-beautiful-array|math, greedy|
2835|Minimum Operations to Form Subsequence With Target Sum|Hard|minimum-operations-to-form-subsequence-with-target-sum|array, greedy, bit-manipulation|
2836|Maximize Value of Function in a Ball Passing Game|Hard|maximize-value-of-function-in-a-ball-passing-game|array, dynamic-programming, bit-manipulation|
2839|Check if Strings Can be Made Equal With Operations I|Easy|check-if-strings-can-be-made-equal-with-operations-i|string|
2840|Check if Strings Can be Made Equal With Operations II|Medium|check-if-strings-can-be-made-equal-with-operations-ii|hash-table, string, sorting|
2841|Maximum Sum of Almost Unique Subarray|Medium|maximum-sum-of-almost-unique-subarray|array, hash-table, sliding-window|
2842|Count K-Subsequences of a String With Maximum Beauty|Hard|count-k-subsequences-of-a-string-with-maximum-beauty|hash-table, math, string, greedy, combinatorics|
2843|  Count Symmetric Integers|Easy|count-symmetric-integers|math, enumeration|
2844|Minimum Operations to Make a Special Number|Medium|minimum-operations-to-make-a-special-number|math, string, greedy, enumeration|
2845|Count of Interesting Subarrays|Medium|count-of-interesting-subarrays|array, hash-table, prefix-sum|
2846|Minimum Edge Weight Equilibrium Queries in a Tree|Hard|minimum-edge-weight-equilibrium-queries-in-a-tree|array, tree, graph, strongly-connected-component|
2848|Points That Intersect With Cars|Easy|points-that-intersect-with-cars|array, hash-table, prefix-sum|
2849|Determine if a Cell Is Reachable at a Given Time|Medium|determine-if-a-cell-is-reachable-at-a-given-time|math|
2850|Minimum Moves to Spread Stones Over Grid|Medium|minimum-moves-to-spread-stones-over-grid|array, dynamic-programming, breadthfirst-search, matrix|
2851|String Transformation|Hard|string-transformation|math, string, dynamic-programming, string-matching|
2855|Minimum Right Shifts to Sort the Array|Easy|minimum-right-shifts-to-sort-the-array|array|
2856|Minimum Array Length After Pair Removals|Medium|minimum-array-length-after-pair-removals|array, hash-table, two-pointers, binary-search, greedy, counting|
2857|Count Pairs of Points With Distance k|Medium|count-pairs-of-points-with-distance-k|array, hash-table, bit-manipulation|
2858|Minimum Edge Reversals So Every Node Is Reachable|Hard|minimum-edge-reversals-so-every-node-is-reachable|dynamic-programming, depthfirst-search, breadthfirst-search, graph|
2859|Sum of Values at Indices With K Set Bits|Easy|sum-of-values-at-indices-with-k-set-bits|array, bit-manipulation|
2860|Happy Students|Medium|happy-students|array, sorting, enumeration|
2861|Maximum Number of Alloys|Medium|maximum-number-of-alloys|array, binary-search|
2862|Maximum Element-Sum of a Complete Subset of Indices|Hard|maximum-element-sum-of-a-complete-subset-of-indices|array, math, number-theory|
2864|Maximum Odd Binary Number|Easy|maximum-odd-binary-number|math, string, greedy|
2865|Beautiful Towers I|Medium|beautiful-towers-i|array, stack, monotonic-stack|
2866|Beautiful Towers II|Medium|beautiful-towers-ii|array, stack, monotonic-stack|
2867|Count Valid Paths in a Tree|Hard|count-valid-paths-in-a-tree|math, dynamic-programming, tree, depthfirst-search, number-theory|
2869|Minimum Operations to Collect Elements|Easy|minimum-operations-to-collect-elements|array, hash-table, bit-manipulation|
2870|Minimum Number of Operations to Make Array Empty|Medium|minimum-number-of-operations-to-make-array-empty|array, hash-table, greedy, counting|
2871|Split Array Into Maximum Number of Subarrays|Medium|split-array-into-maximum-number-of-subarrays|array, greedy, bit-manipulation|
2872|Maximum Number of K-Divisible Components|Hard|maximum-number-of-k-divisible-components|tree, depthfirst-search|
2873|Maximum Value of an Ordered Triplet I|Easy|maximum-value-of-an-ordered-triplet-i|array|
2874|Maximum Value of an Ordered Triplet II|Medium|maximum-value-of-an-ordered-triplet-ii|array|
2875|Minimum Size Subarray in Infinite Array|Medium|minimum-size-subarray-in-infinite-array|array, hash-table, sliding-window, prefix-sum|
2876|Count Visited Nodes in a Directed Graph|Hard|count-visited-nodes-in-a-directed-graph|dynamic-programming, graph, memoization|
2877|Create a DataFrame from List|Easy|create-a-dataframe-from-list||
2878|Get the Size of a DataFrame|Easy|get-the-size-of-a-dataframe||
2879|Display the First Three Rows|Easy|display-the-first-three-rows||
2880|Select Data|Easy|select-data||
2881|Create a New Column|Easy|create-a-new-column||
2882|Drop Duplicate Rows|Easy|drop-duplicate-rows||
2883|Drop Missing Data|Easy|drop-missing-data||
2884|Modify Columns|Easy|modify-columns||
2885|Rename Columns|Easy|rename-columns||
2886|Change Data Type|Easy|change-data-type||
2887|Fill Missing Data|Easy|fill-missing-data||
2888|Reshape Data: Concatenate|Easy|reshape-data-concatenate||
2889|Reshape Data: Pivot|Easy|reshape-data-pivot||
2890|Reshape Data: Melt|Easy|reshape-data-melt||
2891|Method Chaining|Easy|method-chaining||
2894|Divisible and Non-divisible Sums Difference|Easy|divisible-and-non-divisible-sums-difference|math|
2895|Minimum Processing Time|Medium|minimum-processing-time|array, greedy, sorting|
2896|Apply Operations to Make Two Strings Equal|Medium|apply-operations-to-make-two-strings-equal|string, dynamic-programming|
2897|Apply Operations on Array to Maximize Sum of Squares|Hard|apply-operations-on-array-to-maximize-sum-of-squares|array, hash-table, greedy, bit-manipulation|
2899|Last Visited Integers|Easy|last-visited-integers|array, simulation|
2900|Longest Unequal Adjacent Groups Subsequence I|Easy|longest-unequal-adjacent-groups-subsequence-i|array, string, dynamic-programming, greedy|
2901|Longest Unequal Adjacent Groups Subsequence II|Medium|longest-unequal-adjacent-groups-subsequence-ii|array, string, dynamic-programming|
2902|Count of Sub-Multisets With Bounded Sum|Hard|count-of-sub-multisets-with-bounded-sum|array, hash-table, dynamic-programming, sliding-window|
2903|Find Indices With Index and Value Difference I|Easy|find-indices-with-index-and-value-difference-i|array, two-pointers|
2904|Shortest and Lexicographically Smallest Beautiful String|Medium|shortest-and-lexicographically-smallest-beautiful-string|string, sliding-window|
2905|Find Indices With Index and Value Difference II|Medium|find-indices-with-index-and-value-difference-ii|array, two-pointers|
2906|Construct Product Matrix|Medium|construct-product-matrix|array, matrix, prefix-sum|
2908|Minimum Sum of Mountain Triplets I|Easy|minimum-sum-of-mountain-triplets-i|array|
2909|Minimum Sum of Mountain Triplets II|Medium|minimum-sum-of-mountain-triplets-ii|array|
2910|Minimum Number of Groups to Create a Valid Assignment|Medium|minimum-number-of-groups-to-create-a-valid-assignment|array, hash-table, greedy|
2911|Minimum Changes to Make K Semi-palindromes|Hard|minimum-changes-to-make-k-semi-palindromes|two-pointers, string, dynamic-programming|
2913|Subarrays Distinct Element Sum of Squares I|Easy|subarrays-distinct-element-sum-of-squares-i|array, hash-table|
2914|Minimum Number of Changes to Make Binary String Beautiful|Medium|minimum-number-of-changes-to-make-binary-string-beautiful|string|
2915|Length of the Longest Subsequence That Sums to Target|Medium|length-of-the-longest-subsequence-that-sums-to-target|array, dynamic-programming|
2916|Subarrays Distinct Element Sum of Squares II|Hard|subarrays-distinct-element-sum-of-squares-ii|array, dynamic-programming, binary-indexed-tree, segment-tree|
2917|Find the K-or of an Array|Easy|find-the-k-or-of-an-array|array, bit-manipulation|
2918|Minimum Equal Sum of Two Arrays After Replacing Zeros|Medium|minimum-equal-sum-of-two-arrays-after-replacing-zeros|array, greedy|
2919|Minimum Increment Operations to Make Array Beautiful|Medium|minimum-increment-operations-to-make-array-beautiful|array, dynamic-programming|
2920|Maximum Points After Collecting Coins From All Nodes|Hard|maximum-points-after-collecting-coins-from-all-nodes|array, dynamic-programming, bit-manipulation, tree, depthfirst-search, memoization|
2923|Find Champion I|Easy|find-champion-i|array, matrix|
2924|Find Champion II|Medium|find-champion-ii|graph|
2925|Maximum Score After Applying Operations on a Tree|Medium|maximum-score-after-applying-operations-on-a-tree|dynamic-programming, tree, depthfirst-search|
2926|Maximum Balanced Subsequence Sum|Hard|maximum-balanced-subsequence-sum|array, binary-search, dynamic-programming, binary-indexed-tree, segment-tree|
2928|Distribute Candies Among Children I|Easy|distribute-candies-among-children-i|math, combinatorics, enumeration|
2929|Distribute Candies Among Children II|Medium|distribute-candies-among-children-ii|math, combinatorics, enumeration|
2930|Number of Strings Which Can Be Rearranged to Contain Substring|Medium|number-of-strings-which-can-be-rearranged-to-contain-substring|math, dynamic-programming, combinatorics|
2931|Maximum Spending After Buying Items|Hard|maximum-spending-after-buying-items|array, greedy, sorting, heap-priority-queue, matrix|
2932|Maximum Strong Pair XOR I|Easy|maximum-strong-pair-xor-i|array, hash-table, bit-manipulation, trie, sliding-window|
2933|High-Access Employees|Medium|high-access-employees|array, hash-table, string, sorting|
2934|Minimum Operations to Maximize Last Elements in Arrays|Medium|minimum-operations-to-maximize-last-elements-in-arrays|array, enumeration|
2935|Maximum Strong Pair XOR II|Hard|maximum-strong-pair-xor-ii|array, hash-table, bit-manipulation, trie, sliding-window|
2937|Make Three Strings Equal|Easy|make-three-strings-equal|string|
2938|Separate Black and White Balls|Medium|separate-black-and-white-balls|two-pointers, string, greedy|
2939|Maximum Xor Product|Medium|maximum-xor-product|math, greedy, bit-manipulation|
2940|Find Building Where Alice and Bob Can Meet|Hard|find-building-where-alice-and-bob-can-meet|array, binary-search, stack, binary-indexed-tree, segment-tree, heap-priority-queue, monotonic-stack|
2942|Find Words Containing Character|Easy|find-words-containing-character|array, string|
2943|Maximize Area of Square Hole in Grid|Medium|maximize-area-of-square-hole-in-grid|array, sorting|
2944|Minimum Number of Coins for Fruits|Medium|minimum-number-of-coins-for-fruits|array, dynamic-programming, queue, heap-priority-queue, monotonic-queue|
2945|Find Maximum Non-decreasing Array Length|Hard|find-maximum-non-decreasing-array-length|array, binary-search, dynamic-programming, stack, queue, monotonic-stack, monotonic-queue|
2946|Matrix Similarity After Cyclic Shifts|Easy|matrix-similarity-after-cyclic-shifts|array, math, matrix, simulation|
2947|Count Beautiful Substrings I|Medium|count-beautiful-substrings-i|hash-table, math, string, enumeration, number-theory, prefix-sum|
2948|Make Lexicographically Smallest Array by Swapping Elements|Medium|make-lexicographically-smallest-array-by-swapping-elements|array, union-find, sorting|
2949|Count Beautiful Substrings II|Hard|count-beautiful-substrings-ii|hash-table, math, string, number-theory, prefix-sum|
2951|Find the Peaks|Easy|find-the-peaks|array, enumeration|
2952|Minimum Number of Coins to be Added|Medium|minimum-number-of-coins-to-be-added|array, greedy, sorting|
2953|Count Complete Substrings|Hard|count-complete-substrings|hash-table, string, sliding-window|
2954|Count the Number of Infection Sequences|Hard|count-the-number-of-infection-sequences|array, math, combinatorics|
2956|Find Common Elements Between Two Arrays|Easy|find-common-elements-between-two-arrays|array, hash-table|
2957|Remove Adjacent Almost-Equal Characters|Medium|remove-adjacent-almost-equal-characters|string, dynamic-programming, greedy|
2958|Length of Longest Subarray With at Most K Frequency|Medium|length-of-longest-subarray-with-at-most-k-frequency|array, hash-table, sliding-window|
2959|Number of Possible Sets of Closing Branches|Hard|number-of-possible-sets-of-closing-branches|bit-manipulation, graph, heap-priority-queue, enumeration, shortest-path|
2960|Count Tested Devices After Test Operations|Easy|count-tested-devices-after-test-operations|array, simulation, counting|
2961|Double Modular Exponentiation|Medium|double-modular-exponentiation|array, math, simulation|
2962|Count Subarrays Where Max Element Appears at Least K Times|Medium|count-subarrays-where-max-element-appears-at-least-k-times|array, sliding-window|
2963|Count the Number of Good Partitions|Hard|count-the-number-of-good-partitions|array, hash-table, math, combinatorics|
2965|Find Missing and Repeated Values|Easy|find-missing-and-repeated-values|array, hash-table, math, matrix|
2966|Divide Array Into Arrays With Max Difference|Medium|divide-array-into-arrays-with-max-difference|array, greedy, sorting|
2967|Minimum Cost to Make Array Equalindromic|Medium|minimum-cost-to-make-array-equalindromic|array, math, binary-search, greedy, sorting|
2968|Apply Operations to Maximize Frequency Score|Hard|apply-operations-to-maximize-frequency-score|array, binary-search, sliding-window, sorting, prefix-sum|
2970|Count the Number of Incremovable Subarrays I|Easy|count-the-number-of-incremovable-subarrays-i|array, two-pointers, binary-search, enumeration|
2971|Find Polygon With the Largest Perimeter|Medium|find-polygon-with-the-largest-perimeter|array, greedy, sorting, prefix-sum|
2972|Count the Number of Incremovable Subarrays II|Hard|count-the-number-of-incremovable-subarrays-ii|array, two-pointers, binary-search|
2973|Find Number of Coins to Place in Tree Nodes|Hard|find-number-of-coins-to-place-in-tree-nodes|dynamic-programming, tree, depthfirst-search, sorting, heap-priority-queue|
2974|Minimum Number Game|Easy|minimum-number-game|array, sorting, heap-priority-queue, simulation|
2975|Maximum Square Area by Removing Fences From a Field|Medium|maximum-square-area-by-removing-fences-from-a-field|array, hash-table, enumeration|
2976|Minimum Cost to Convert String I|Medium|minimum-cost-to-convert-string-i|array, string, graph, shortest-path|
2977|Minimum Cost to Convert String II|Hard|minimum-cost-to-convert-string-ii|array, string, dynamic-programming, graph, trie, shortest-path|
2980|Check if Bitwise OR Has Trailing Zeros|Easy|check-if-bitwise-or-has-trailing-zeros|array, bit-manipulation|
2981|Find Longest Special Substring That Occurs Thrice I|Medium|find-longest-special-substring-that-occurs-thrice-i|hash-table, string, binary-search, sliding-window, counting|
2982|Find Longest Special Substring That Occurs Thrice II|Medium|find-longest-special-substring-that-occurs-thrice-ii|hash-table, string, binary-search, sliding-window, counting|
2983|Palindrome Rearrangement Queries|Hard|palindrome-rearrangement-queries|hash-table, string, prefix-sum|
2996|Smallest Missing Integer Greater Than Sequential Prefix Sum|Easy|smallest-missing-integer-greater-than-sequential-prefix-sum|array, hash-table, sorting|
2997|Minimum Number of Operations to Make Array XOR Equal to K|Medium|minimum-number-of-operations-to-make-array-xor-equal-to-k|array, bit-manipulation|
2998|Minimum Number of Operations to Make X and Y Equal|Medium|minimum-number-of-operations-to-make-x-and-y-equal|dynamic-programming, breadthfirst-search, memoization|
2999|Count the Number of Powerful Integers|Hard|count-the-number-of-powerful-integers|math, string, dynamic-programming|
3000|Maximum Area of Longest Diagonal Rectangle|Easy|maximum-area-of-longest-diagonal-rectangle|array|
3001|Minimum Moves to Capture The Queen|Medium|minimum-moves-to-capture-the-queen|math, enumeration|
3002|Maximum Size of a Set After Removals|Medium|maximum-size-of-a-set-after-removals|array, hash-table, greedy|
3003|Maximize the Number of Partitions After Operations|Hard|maximize-the-number-of-partitions-after-operations|string, dynamic-programming, bit-manipulation, bitmask|
3005|Count Elements With Maximum Frequency|Easy|count-elements-with-maximum-frequency|array, hash-table, counting|
3006|Find Beautiful Indices in the Given Array I|Medium|find-beautiful-indices-in-the-given-array-i|two-pointers, string, binary-search, rolling-hash, string-matching, hash-function|
3007|Maximum Number That Sum of the Prices Is Less Than or Equal to K|Medium|maximum-number-that-sum-of-the-prices-is-less-than-or-equal-to-k|binary-search, dynamic-programming, bit-manipulation|
3008|Find Beautiful Indices in the Given Array II|Hard|find-beautiful-indices-in-the-given-array-ii|two-pointers, string, binary-search, rolling-hash, string-matching, hash-function|
3010|Divide an Array Into Subarrays With Minimum Cost I|Easy|divide-an-array-into-subarrays-with-minimum-cost-i|array, sorting, enumeration|
3011|Find if Array Can Be Sorted|Medium|find-if-array-can-be-sorted|array, bit-manipulation, sorting|
3012|Minimize Length of Array Using Operations|Medium|minimize-length-of-array-using-operations|array, math, greedy, number-theory|
3013|Divide an Array Into Subarrays With Minimum Cost II|Hard|divide-an-array-into-subarrays-with-minimum-cost-ii|array, hash-table, sliding-window, heap-priority-queue|
3014|Minimum Number of Pushes to Type Word I|Easy|minimum-number-of-pushes-to-type-word-i|math, string, greedy|
3015|Count the Number of Houses at a Certain Distance I|Medium|count-the-number-of-houses-at-a-certain-distance-i|breadthfirst-search, graph, prefix-sum|
3016|Minimum Number of Pushes to Type Word II|Medium|minimum-number-of-pushes-to-type-word-ii|hash-table, string, greedy, sorting, counting|
3017|Count the Number of Houses at a Certain Distance II|Hard|count-the-number-of-houses-at-a-certain-distance-ii|graph, prefix-sum|
3019|Number of Changing Keys|Easy|number-of-changing-keys|string|
3020|Find the Maximum Number of Elements in Subset|Medium|find-the-maximum-number-of-elements-in-subset|array, hash-table, enumeration|
3021|Alice and Bob Playing Flower Game|Medium|alice-and-bob-playing-flower-game|math|
3022|Minimize OR of Remaining Elements Using Operations|Hard|minimize-or-of-remaining-elements-using-operations|array, greedy, bit-manipulation|
3024|Type of Triangle|Easy|type-of-triangle|array, math, sorting|
3025|Find the Number of Ways to Place People I|Medium|find-the-number-of-ways-to-place-people-i|array, math, geometry, sorting, enumeration|
3026|Maximum Good Subarray Sum|Medium|maximum-good-subarray-sum|array, hash-table, prefix-sum|
3027|Find the Number of Ways to Place People II|Hard|find-the-number-of-ways-to-place-people-ii|array, math, geometry, sorting, enumeration|
3028|Ant on the Boundary|Easy|ant-on-the-boundary|array, simulation, prefix-sum|
3029|Minimum Time to Revert Word to Initial State I|Medium|minimum-time-to-revert-word-to-initial-state-i|string, rolling-hash, string-matching, hash-function|
3030|Find the Grid of Region Average|Medium|find-the-grid-of-region-average|array, matrix|
3031|Minimum Time to Revert Word to Initial State II|Hard|minimum-time-to-revert-word-to-initial-state-ii|string, rolling-hash, string-matching, hash-function|
3033|Modify the Matrix|Easy|modify-the-matrix|array, matrix|
3034|Number of Subarrays That Match a Pattern I|Medium|number-of-subarrays-that-match-a-pattern-i|array, rolling-hash, string-matching, hash-function|
3035|Maximum Palindromes After Operations|Medium|maximum-palindromes-after-operations|array, hash-table, string, greedy, sorting, counting|
3036|Number of Subarrays That Match a Pattern II|Hard|number-of-subarrays-that-match-a-pattern-ii|array, rolling-hash, string-matching, hash-function|
3038|Maximum Number of Operations With the Same Score I|Easy|maximum-number-of-operations-with-the-same-score-i|array, simulation|
3039|Apply Operations to Make String Empty|Medium|apply-operations-to-make-string-empty|array, hash-table, sorting, counting|
3040|Maximum Number of Operations With the Same Score II|Medium|maximum-number-of-operations-with-the-same-score-ii|array, dynamic-programming, memoization|
3041|Maximize Consecutive Elements in an Array After Modification|Hard|maximize-consecutive-elements-in-an-array-after-modification|array, dynamic-programming, sorting|
3042|Count Prefix and Suffix Pairs I|Easy|count-prefix-and-suffix-pairs-i|array, string, trie, rolling-hash, string-matching, hash-function|
3043|Find the Length of the Longest Common Prefix|Medium|find-the-length-of-the-longest-common-prefix|array, hash-table, string, trie|
3044|Most Frequent Prime|Medium|most-frequent-prime|array, hash-table, math, matrix, counting, enumeration, number-theory|
3045|Count Prefix and Suffix Pairs II|Hard|count-prefix-and-suffix-pairs-ii|array, string, trie, rolling-hash, string-matching, hash-function|
3046|Split the Array|Easy|split-the-array|array, hash-table, counting|
3047|Find the Largest Area of Square Inside Two Rectangles|Medium|find-the-largest-area-of-square-inside-two-rectangles|array, math, geometry|
3048|Earliest Second to Mark Indices I|Medium|earliest-second-to-mark-indices-i|array, binary-search|
3049|Earliest Second to Mark Indices II|Hard|earliest-second-to-mark-indices-ii|array, binary-search, greedy, heap-priority-queue|
3065|Minimum Operations to Exceed Threshold Value I|Easy|minimum-operations-to-exceed-threshold-value-i|array|
3066|Minimum Operations to Exceed Threshold Value II|Medium|minimum-operations-to-exceed-threshold-value-ii|array, heap-priority-queue, simulation|
3067|Count Pairs of Connectable Servers in a Weighted Tree Network|Medium|count-pairs-of-connectable-servers-in-a-weighted-tree-network|array, tree, depthfirst-search|
3068|Find the Maximum Sum of Node Values|Hard|find-the-maximum-sum-of-node-values|array, dynamic-programming, greedy, bit-manipulation, tree, sorting|
3069|Distribute Elements Into Two Arrays I|Easy|distribute-elements-into-two-arrays-i|array, simulation|
3070|Count Submatrices with Top-Left Element and Sum Less Than k|Medium|count-submatrices-with-top-left-element-and-sum-less-than-k|array, matrix, prefix-sum|
3071|Minimum Operations to Write the Letter Y on a Grid|Medium|minimum-operations-to-write-the-letter-y-on-a-grid|array, hash-table, matrix, counting|
3072|Distribute Elements Into Two Arrays II|Hard|distribute-elements-into-two-arrays-ii|array, binary-indexed-tree, segment-tree, simulation|
3074|Apple Redistribution into Boxes|Easy|apple-redistribution-into-boxes|array, greedy, sorting|
3075|Maximize Happiness of Selected Children|Medium|maximize-happiness-of-selected-children|array, greedy, sorting|
3076|Shortest Uncommon Substring in an Array|Medium|shortest-uncommon-substring-in-an-array|array, hash-table, string, trie|
3077|Maximum Strength of K Disjoint Subarrays|Hard|maximum-strength-of-k-disjoint-subarrays|array, dynamic-programming, prefix-sum|
3079|Find the Sum of Encrypted Integers|Easy|find-the-sum-of-encrypted-integers|array, math|
3080|Mark Elements on Array by Performing Queries|Medium|mark-elements-on-array-by-performing-queries|array, hash-table, sorting, heap-priority-queue, simulation|
3081|Replace Question Marks in String to Minimize Its Value|Medium|replace-question-marks-in-string-to-minimize-its-value|hash-table, string, greedy, sorting, heap-priority-queue, counting|
3082|Find the Sum of the Power of All Subsequences|Hard|find-the-sum-of-the-power-of-all-subsequences|array, dynamic-programming|
3083|Existence of a Substring in a String and Its Reverse|Easy|existence-of-a-substring-in-a-string-and-its-reverse|hash-table, string|
3084|Count Substrings Starting and Ending with Given Character|Medium|count-substrings-starting-and-ending-with-given-character|math, string, counting|
3085|Minimum Deletions to Make String K-Special|Medium|minimum-deletions-to-make-string-k-special|hash-table, string, greedy, sorting, counting|
3086|Minimum Moves to Pick K Ones|Hard|minimum-moves-to-pick-k-ones|array, greedy, sliding-window, prefix-sum|
3090|Maximum Length Substring With Two Occurrences|Easy|maximum-length-substring-with-two-occurrences|hash-table, string, sliding-window|
3091|Apply Operations to Make Sum of Array Greater Than or Equal to k|Medium|apply-operations-to-make-sum-of-array-greater-than-or-equal-to-k|math, greedy, enumeration|
3092|Most Frequent IDs|Medium|most-frequent-ids|array, hash-table, heap-priority-queue, ordered-set|
3093|Longest Common Suffix Queries|Hard|longest-common-suffix-queries|array, string, trie|
3095|Shortest Subarray With OR at Least K I|Easy|shortest-subarray-with-or-at-least-k-i|array, bit-manipulation, sliding-window|
3096|Minimum Levels to Gain More Points|Medium|minimum-levels-to-gain-more-points|array, prefix-sum|
3097|Shortest Subarray With OR at Least K II|Medium|shortest-subarray-with-or-at-least-k-ii|array, bit-manipulation, sliding-window|
3098|Find the Sum of Subsequence Powers|Hard|find-the-sum-of-subsequence-powers|array, dynamic-programming, sorting|
3099|Harshad Number|Easy|harshad-number|math|
3100|Water Bottles II|Medium|water-bottles-ii|math, simulation|
3101|Count Alternating Subarrays|Medium|count-alternating-subarrays|array, math|
3102|Minimize Manhattan Distances|Hard|minimize-manhattan-distances|array, math, geometry, sorting, ordered-set|
3105|Longest Strictly Increasing or Strictly Decreasing Subarray|Easy|longest-strictly-increasing-or-strictly-decreasing-subarray|array|
3106|Lexicographically Smallest String After Operations With Constraint|Medium|lexicographically-smallest-string-after-operations-with-constraint|string, greedy|
3107|Minimum Operations to Make Median of Array Equal to K|Medium|minimum-operations-to-make-median-of-array-equal-to-k|array, greedy, sorting|
3108|Minimum Cost Walk in Weighted Graph|Hard|minimum-cost-walk-in-weighted-graph|array, bit-manipulation, union-find, graph|
3110|Score of a String|Easy|score-of-a-string|string|
3111|Minimum Rectangles to Cover Points|Medium|minimum-rectangles-to-cover-points|array, greedy, sorting|
3112|Minimum Time to Visit Disappearing Nodes|Medium|minimum-time-to-visit-disappearing-nodes|array, graph, heap-priority-queue, shortest-path|
3113|Find the Number of Subarrays Where Boundary Elements Are Maximum|Hard|find-the-number-of-subarrays-where-boundary-elements-are-maximum|array, binary-search, stack, monotonic-stack|
3114|Latest Time You Can Obtain After Replacing Characters|Easy|latest-time-you-can-obtain-after-replacing-characters|string, enumeration|
3115|Maximum Prime Difference|Medium|maximum-prime-difference|array, math, number-theory|
3116|Kth Smallest Amount With Single Denomination Combination|Hard|kth-smallest-amount-with-single-denomination-combination|array, math, binary-search, bit-manipulation, combinatorics, number-theory|
3117|Minimum Sum of Values by Dividing Array|Hard|minimum-sum-of-values-by-dividing-array|array, binary-search, dynamic-programming, bit-manipulation, segment-tree, queue|
3120|Count the Number of Special Characters I|Easy|count-the-number-of-special-characters-i|hash-table, string|
3121|Count the Number of Special Characters II|Medium|count-the-number-of-special-characters-ii|hash-table, string|
3122|Minimum Number of Operations to Satisfy Conditions|Medium|minimum-number-of-operations-to-satisfy-conditions|array, dynamic-programming, matrix|
3123|Find Edges in Shortest Paths|Hard|find-edges-in-shortest-paths|depthfirst-search, breadthfirst-search, graph, heap-priority-queue, shortest-path|
3127|Make a Square with the Same Color|Easy|make-a-square-with-the-same-color|array, matrix, enumeration|
3128|Right Triangles|Medium|right-triangles|array, hash-table, math, combinatorics, counting|
3129|Find All Possible Stable Binary Arrays I|Medium|find-all-possible-stable-binary-arrays-i|dynamic-programming, prefix-sum|
3130|Find All Possible Stable Binary Arrays II|Hard|find-all-possible-stable-binary-arrays-ii|dynamic-programming, prefix-sum|
3131|Find the Integer Added to Array I|Easy|find-the-integer-added-to-array-i|array|
3132|Find the Integer Added to Array II|Medium|find-the-integer-added-to-array-ii|array, two-pointers, sorting, enumeration|
3133|Minimum Array End|Medium|minimum-array-end|bit-manipulation|
3134|Find the Median of the Uniqueness Array|Hard|find-the-median-of-the-uniqueness-array|array, hash-table, binary-search, sliding-window|
3136|Valid Word|Easy|valid-word|string|
3137|Minimum Number of Operations to Make Word K-Periodic|Medium|minimum-number-of-operations-to-make-word-k-periodic|hash-table, string, counting|
3138|Minimum Length of Anagram Concatenation|Medium|minimum-length-of-anagram-concatenation|hash-table, string, counting|
3139|Minimum Cost to Equalize Array|Hard|minimum-cost-to-equalize-array|array, greedy, enumeration|
3142|Check if Grid Satisfies Conditions|Easy|check-if-grid-satisfies-conditions|array, matrix|
3143|Maximum Points Inside the Square|Medium|maximum-points-inside-the-square|array, hash-table, string, binary-search, sorting|
3144|Minimum Substring Partition of Equal Character Frequency|Medium|minimum-substring-partition-of-equal-character-frequency|hash-table, string, dynamic-programming, counting|
3145|Find Products of Elements of Big Array|Hard|find-products-of-elements-of-big-array|array, binary-search, bit-manipulation|
3146|Permutation Difference between Two Strings|Easy|permutation-difference-between-two-strings|hash-table, string|
3147|Taking Maximum Energy From the Mystic Dungeon|Medium|taking-maximum-energy-from-the-mystic-dungeon|array, prefix-sum|
3148|Maximum Difference Score in a Grid|Medium|maximum-difference-score-in-a-grid|array, dynamic-programming, matrix|
3149|Find the Minimum Cost Array Permutation|Hard|find-the-minimum-cost-array-permutation|array, dynamic-programming, bit-manipulation, bitmask|
3151|Special Array I|Easy|special-array-i|array|
3152|Special Array II|Medium|special-array-ii|array, binary-search, prefix-sum|
3153|Sum of Digit Differences of All Pairs|Medium|sum-of-digit-differences-of-all-pairs|array, hash-table, math, counting|
3154|Find Number of Ways to Reach the K-th Stair|Hard|find-number-of-ways-to-reach-the-k-th-stair|math, dynamic-programming, bit-manipulation, memoization, combinatorics|
3158|Find the XOR of Numbers Which Appear Twice|Easy|find-the-xor-of-numbers-which-appear-twice|array, hash-table, bit-manipulation|
3159|Find Occurrences of an Element in an Array|Medium|find-occurrences-of-an-element-in-an-array|array, hash-table|
3160|Find the Number of Distinct Colors Among the Balls|Medium|find-the-number-of-distinct-colors-among-the-balls|array, hash-table, simulation|
3161|Block Placement Queries|Hard|block-placement-queries|array, binary-search, binary-indexed-tree, segment-tree|
3162|Find the Number of Good Pairs I|Easy|find-the-number-of-good-pairs-i|array, hash-table|
3163|String Compression III|Medium|string-compression-iii|string|
3164|Find the Number of Good Pairs II|Medium|find-the-number-of-good-pairs-ii|array, hash-table|
3165|Maximum Sum of Subsequence With Non-adjacent Elements|Hard|maximum-sum-of-subsequence-with-non-adjacent-elements|array, divide-and-conquer, dynamic-programming, segment-tree|
3168|Minimum Number of Chairs in a Waiting Room|Easy|minimum-number-of-chairs-in-a-waiting-room|string, simulation|
3169|Count Days Without Meetings|Medium|count-days-without-meetings|array, sorting|
3170|Lexicographically Minimum String After Removing Stars|Medium|lexicographically-minimum-string-after-removing-stars|hash-table, string, stack, greedy, heap-priority-queue|
3171|Find Subarray With Bitwise OR Closest to K|Hard|find-subarray-with-bitwise-or-closest-to-k|array, binary-search, bit-manipulation, segment-tree|
3174|Clear Digits|Easy|clear-digits|string, stack, simulation|
3175|Find The First Player to win K Games in a Row|Medium|find-the-first-player-to-win-k-games-in-a-row|array, simulation|
3176|Find the Maximum Length of a Good Subsequence I|Medium|find-the-maximum-length-of-a-good-subsequence-i|array, hash-table, dynamic-programming|
3177|Find the Maximum Length of a Good Subsequence II|Hard|find-the-maximum-length-of-a-good-subsequence-ii|array, hash-table, dynamic-programming|
3178|Find the Child Who Has the Ball After K Seconds|Easy|find-the-child-who-has-the-ball-after-k-seconds|math, simulation|
3179|Find the N-th Value After K Seconds|Medium|find-the-n-th-value-after-k-seconds|array, math, simulation, combinatorics, prefix-sum|
3180|Maximum Total Reward Using Operations I|Medium|maximum-total-reward-using-operations-i|array, dynamic-programming|
3181|Maximum Total Reward Using Operations II|Hard|maximum-total-reward-using-operations-ii|array, dynamic-programming, bit-manipulation|
3184|Count Pairs That Form a Complete Day I|Easy|count-pairs-that-form-a-complete-day-i|array, hash-table, counting|
3185|Count Pairs That Form a Complete Day II|Medium|count-pairs-that-form-a-complete-day-ii|array, hash-table, counting|
3186|Maximum Total Damage With Spell Casting|Medium|maximum-total-damage-with-spell-casting|array, hash-table, two-pointers, binary-search, dynamic-programming, sorting, counting|
3187|Peaks in Array|Hard|peaks-in-array|array, binary-indexed-tree, segment-tree|
3190|Find Minimum Operations to Make All Elements Divisible by Three|Easy|find-minimum-operations-to-make-all-elements-divisible-by-three|array, math|
3191|Minimum Operations to Make Binary Array Elements Equal to One I|Medium|minimum-operations-to-make-binary-array-elements-equal-to-one-i|array, bit-manipulation, queue, sliding-window, prefix-sum|
3192|Minimum Operations to Make Binary Array Elements Equal to One II|Medium|minimum-operations-to-make-binary-array-elements-equal-to-one-ii|array, dynamic-programming, greedy|
3193|Count the Number of Inversions|Hard|count-the-number-of-inversions|array, dynamic-programming|
3194|Minimum Average of Smallest and Largest Elements|Easy|minimum-average-of-smallest-and-largest-elements|array, two-pointers, sorting|
3195|Find the Minimum Area to Cover All Ones I|Medium|find-the-minimum-area-to-cover-all-ones-i|array, matrix|
3196|Maximize Total Cost of Alternating Subarrays|Medium|maximize-total-cost-of-alternating-subarrays|array, dynamic-programming|
3197|Find the Minimum Area to Cover All Ones II|Hard|find-the-minimum-area-to-cover-all-ones-ii|array, matrix, enumeration|
3200|Maximum Height of a Triangle|Easy|maximum-height-of-a-triangle|array, enumeration|
3201|Find the Maximum Length of Valid Subsequence I|Medium|find-the-maximum-length-of-valid-subsequence-i|array, dynamic-programming|
3202|Find the Maximum Length of Valid Subsequence II|Medium|find-the-maximum-length-of-valid-subsequence-ii|array, dynamic-programming|
3203|Find Minimum Diameter After Merging Two Trees|Hard|find-minimum-diameter-after-merging-two-trees|tree, depthfirst-search, breadthfirst-search, graph|
3206|Alternating Groups I|Easy|alternating-groups-i|array, sliding-window|
3207|Maximum Points After Enemy Battles|Medium|maximum-points-after-enemy-battles|array, greedy|
3208|Alternating Groups II|Medium|alternating-groups-ii|array, sliding-window|
3209|Number of Subarrays With AND Value of K|Hard|number-of-subarrays-with-and-value-of-k|array, binary-search, bit-manipulation, segment-tree|
3210|Find the Encrypted String|Easy|find-the-encrypted-string|string|
3211|Generate Binary Strings Without Adjacent Zeros|Medium|generate-binary-strings-without-adjacent-zeros|string, backtracking, bit-manipulation|
3212|Count Submatrices With Equal Frequency of X and Y|Medium|count-submatrices-with-equal-frequency-of-x-and-y|array, matrix, prefix-sum|
3213|Construct String with Minimum Cost|Hard|construct-string-with-minimum-cost|array, string, dynamic-programming, suffix-array|
3216|Lexicographically Smallest String After a Swap|Easy|lexicographically-smallest-string-after-a-swap|string, greedy|
3217|Delete Nodes From Linked List Present in Array|Medium|delete-nodes-from-linked-list-present-in-array|array, hash-table, linked-list|
3218|Minimum Cost for Cutting Cake I|Medium|minimum-cost-for-cutting-cake-i|array, dynamic-programming, greedy, sorting|
3219|Minimum Cost for Cutting Cake II|Hard|minimum-cost-for-cutting-cake-ii|array, greedy, sorting|
3220|Odd and Even Transactions|Medium|odd-and-even-transactions|database|
3222|Find the Winning Player in Coin Game|Easy|find-the-winning-player-in-coin-game|math, simulation, game-theory|
3223|Minimum Length of String After Operations|Medium|minimum-length-of-string-after-operations|hash-table, string, counting|
3224|Minimum Array Changes to Make Differences Equal|Medium|minimum-array-changes-to-make-differences-equal|array, hash-table, prefix-sum|
3225|Maximum Score From Grid Operations|Hard|maximum-score-from-grid-operations|array, dynamic-programming, matrix, prefix-sum|
3226|Number of Bit Changes to Make Two Integers Equal|Easy|number-of-bit-changes-to-make-two-integers-equal|bit-manipulation|
3227|Vowels Game in a String|Medium|vowels-game-in-a-string|math, string, brainteaser, game-theory|
3228|Maximum Number of Operations to Move Ones to the End|Medium|maximum-number-of-operations-to-move-ones-to-the-end|string, greedy, counting|
3229|Minimum Operations to Make Array Equal to Target|Hard|minimum-operations-to-make-array-equal-to-target|array, dynamic-programming, stack, greedy, monotonic-stack|
3232|Find if Digit Game Can Be Won|Easy|find-if-digit-game-can-be-won|array, math|
3233|Find the Count of Numbers Which Are Not Special|Medium|find-the-count-of-numbers-which-are-not-special|array, math, number-theory|
3234|Count the Number of Substrings With Dominant Ones|Medium|count-the-number-of-substrings-with-dominant-ones|string, sliding-window, enumeration|
3235|Check if the Rectangle Corner Is Reachable|Hard|check-if-the-rectangle-corner-is-reachable|array, math, depthfirst-search, breadthfirst-search, union-find, geometry|
3238|Find the Number of Winning Players|Easy|find-the-number-of-winning-players|array, hash-table, counting|
3239|Minimum Number of Flips to Make Binary Grid Palindromic I|Medium|minimum-number-of-flips-to-make-binary-grid-palindromic-i|array, two-pointers, matrix|
3240|Minimum Number of Flips to Make Binary Grid Palindromic II|Medium|minimum-number-of-flips-to-make-binary-grid-palindromic-ii|array, two-pointers, matrix|
3241|Time Taken to Mark All Nodes|Hard|time-taken-to-mark-all-nodes|dynamic-programming, tree, depthfirst-search, graph|
3242|Design Neighbor Sum Service|Easy|design-neighbor-sum-service|array, hash-table, design, matrix, simulation|
3243|Shortest Distance After Road Addition Queries I|Medium|shortest-distance-after-road-addition-queries-i|array, breadthfirst-search, graph|
3244|Shortest Distance After Road Addition Queries II|Hard|shortest-distance-after-road-addition-queries-ii|array, greedy, graph, ordered-set|
3245|Alternating Groups III|Hard|alternating-groups-iii|array, binary-indexed-tree|
3248|Snake in Matrix|Easy|snake-in-matrix|array, string, simulation|
3249|Count the Number of Good Nodes|Medium|count-the-number-of-good-nodes|tree, depthfirst-search|
3250|Find the Count of Monotonic Pairs I|Hard|find-the-count-of-monotonic-pairs-i|array, math, dynamic-programming, combinatorics, prefix-sum|
3251|Find the Count of Monotonic Pairs II|Hard|find-the-count-of-monotonic-pairs-ii|array, math, dynamic-programming, combinatorics, prefix-sum|
3254|Find the Power of K-Size Subarrays I|Medium|find-the-power-of-k-size-subarrays-i|array, sliding-window|
3255|Find the Power of K-Size Subarrays II|Medium|find-the-power-of-k-size-subarrays-ii|array, sliding-window|
3256|Maximum Value Sum by Placing Three Rooks I|Hard|maximum-value-sum-by-placing-three-rooks-i|array, dynamic-programming, matrix, enumeration|
3257|Maximum Value Sum by Placing Three Rooks II|Hard|maximum-value-sum-by-placing-three-rooks-ii|array, dynamic-programming, matrix, enumeration|
3258|Count Substrings That Satisfy K-Constraint I|Easy|count-substrings-that-satisfy-k-constraint-i|string, sliding-window|
3259|Maximum Energy Boost From Two Drinks|Medium|maximum-energy-boost-from-two-drinks|array, dynamic-programming|
3260|Find the Largest Palindrome Divisible by K|Hard|find-the-largest-palindrome-divisible-by-k|math, string, dynamic-programming, greedy, number-theory|
3261|Count Substrings That Satisfy K-Constraint II|Hard|count-substrings-that-satisfy-k-constraint-ii|array, string, binary-search, sliding-window, prefix-sum|
3264|Final Array State After K Multiplication Operations I|Easy|final-array-state-after-k-multiplication-operations-i|array, math, heap-priority-queue, simulation|
3265|Count Almost Equal Pairs I|Medium|count-almost-equal-pairs-i|array, hash-table, sorting, counting, enumeration|
3266|Final Array State After K Multiplication Operations II|Hard|final-array-state-after-k-multiplication-operations-ii|array, heap-priority-queue, simulation|
3267|Count Almost Equal Pairs II|Hard|count-almost-equal-pairs-ii|array, hash-table, sorting, counting, enumeration|
3270|Find the Key of the Numbers|Easy|find-the-key-of-the-numbers|math|
3271|Hash Divided String|Medium|hash-divided-string|string, simulation|
3272|Find the Count of Good Integers|Hard|find-the-count-of-good-integers|hash-table, math, combinatorics, enumeration|
3273|Minimum Amount of Damage Dealt to Bob|Hard|minimum-amount-of-damage-dealt-to-bob|array, greedy, sorting|
3274|Check if Two Chessboard Squares Have the Same Color|Easy|check-if-two-chessboard-squares-have-the-same-color|math, string|
3275|K-th Nearest Obstacle Queries|Medium|k-th-nearest-obstacle-queries|array, heap-priority-queue|
3276|Select Cells in Grid With Maximum Score|Hard|select-cells-in-grid-with-maximum-score|array, dynamic-programming, bit-manipulation, matrix, bitmask|
3277|Maximum XOR Score Subarray Queries|Hard|maximum-xor-score-subarray-queries|array, dynamic-programming|
3280|Convert Date to Binary|Easy|convert-date-to-binary|math, string|
3281|Maximize Score of Numbers in Ranges|Medium|maximize-score-of-numbers-in-ranges|array, binary-search, greedy, sorting|
3282|Reach End of Array With Max Score|Medium|reach-end-of-array-with-max-score|array, greedy|
3283|Maximum Number of Moves to Kill All Pawns|Hard|maximum-number-of-moves-to-kill-all-pawns|array, math, bit-manipulation, breadthfirst-search, game-theory, bitmask|
3285|Find Indices of Stable Mountains|Easy|find-indices-of-stable-mountains|array|
3286|Find a Safe Walk Through a Grid|Medium|find-a-safe-walk-through-a-grid|array, breadthfirst-search, graph, heap-priority-queue, matrix, shortest-path|
3287|Find the Maximum Sequence Value of Array|Hard|find-the-maximum-sequence-value-of-array|array, dynamic-programming, bit-manipulation|
3288|Length of the Longest Increasing Path|Hard|length-of-the-longest-increasing-path|array, binary-search, sorting|
3289|The Two Sneaky Numbers of Digitville|Easy|the-two-sneaky-numbers-of-digitville|array, hash-table, math|
3290|Maximum Multiplication Score|Medium|maximum-multiplication-score|array, dynamic-programming|
3291|Minimum Number of Valid Strings to Form Target I|Medium|minimum-number-of-valid-strings-to-form-target-i|array, string, binary-search, dynamic-programming, trie, segment-tree, rolling-hash, string-matching, hash-function|
3292|Minimum Number of Valid Strings to Form Target II|Hard|minimum-number-of-valid-strings-to-form-target-ii|array, string, binary-search, dynamic-programming, segment-tree, rolling-hash, string-matching, hash-function|
3295|Report Spam Message|Medium|report-spam-message|array, hash-table, string|
3296|Minimum Number of Seconds to Make Mountain Height Zero|Medium|minimum-number-of-seconds-to-make-mountain-height-zero|array, math, binary-search, greedy, heap-priority-queue|
3297|Count Substrings That Can Be Rearranged to Contain a String I|Medium|count-substrings-that-can-be-rearranged-to-contain-a-string-i|hash-table, string, sliding-window|
3298|Count Substrings That Can Be Rearranged to Contain a String II|Hard|count-substrings-that-can-be-rearranged-to-contain-a-string-ii|hash-table, string, sliding-window|
3300|Minimum Element After Replacement With Digit Sum|Easy|minimum-element-after-replacement-with-digit-sum|array, math|
3301|Maximize the Total Height of Unique Towers|Medium|maximize-the-total-height-of-unique-towers|array, greedy, sorting|
3302|Find the Lexicographically Smallest Valid Sequence|Medium|find-the-lexicographically-smallest-valid-sequence|two-pointers, string, dynamic-programming, greedy|
3303|Find the Occurrence of First Almost Equal Substring|Hard|find-the-occurrence-of-first-almost-equal-substring|string, string-matching|
3304|Find the K-th Character in String Game I|Easy|find-the-k-th-character-in-string-game-i|math, bit-manipulation, recursion, simulation|
3305|Count of Substrings Containing Every Vowel and K Consonants I|Medium|count-of-substrings-containing-every-vowel-and-k-consonants-i|hash-table, string, sliding-window|
3306|Count of Substrings Containing Every Vowel and K Consonants II|Medium|count-of-substrings-containing-every-vowel-and-k-consonants-ii|hash-table, string, sliding-window|
3307|Find the K-th Character in String Game II|Hard|find-the-k-th-character-in-string-game-ii|math, bit-manipulation, recursion|
3309|Maximum Possible Number by Binary Concatenation|Medium|maximum-possible-number-by-binary-concatenation|array, bit-manipulation, enumeration|
3310|Remove Methods From Project|Medium|remove-methods-from-project|depthfirst-search, breadthfirst-search, graph|
3311|Construct 2D Grid Matching Graph Layout|Hard|construct-2d-grid-matching-graph-layout|array, hash-table, graph, matrix|
3312|Sorted GCD Pair Queries|Hard|sorted-gcd-pair-queries|array, hash-table, math, binary-search, combinatorics, counting, number-theory, prefix-sum|
3314|Construct the Minimum Bitwise Array I|Easy|construct-the-minimum-bitwise-array-i|array, bit-manipulation|
3315|Construct the Minimum Bitwise Array II|Medium|construct-the-minimum-bitwise-array-ii|array, bit-manipulation|
3316|Find Maximum Removals From Source String|Medium|find-maximum-removals-from-source-string|array, hash-table, two-pointers, string, dynamic-programming|
3317|Find the Number of Possible Ways for an Event|Hard|find-the-number-of-possible-ways-for-an-event|math, dynamic-programming, combinatorics|
3318|Find X-Sum of All K-Long Subarrays I|Easy|find-x-sum-of-all-k-long-subarrays-i|array, hash-table, sliding-window, heap-priority-queue|
3319|K-th Largest Perfect Subtree Size in Binary Tree|Medium|k-th-largest-perfect-subtree-size-in-binary-tree|tree, depthfirst-search, sorting, binary-tree|
3320|Count The Number of Winning Sequences|Hard|count-the-number-of-winning-sequences|string, dynamic-programming|
3321|Find X-Sum of All K-Long Subarrays II|Hard|find-x-sum-of-all-k-long-subarrays-ii|array, hash-table, sliding-window, heap-priority-queue|
3324|Find the Sequence of Strings Appeared on the Screen|Medium|find-the-sequence-of-strings-appeared-on-the-screen|string, simulation|
3325|Count Substrings With K-Frequency Characters I|Medium|count-substrings-with-k-frequency-characters-i|hash-table, string, sliding-window|
3326|Minimum Division Operations to Make Array Non Decreasing|Medium|minimum-division-operations-to-make-array-non-decreasing|array, math, greedy, number-theory|
3327|Check if DFS Strings Are Palindromes|Hard|check-if-dfs-strings-are-palindromes|array, hash-table, string, tree, depthfirst-search, hash-function|
3330|Find the Original Typed String I|Easy|find-the-original-typed-string-i|string|
3331|Find Subtree Sizes After Changes|Medium|find-subtree-sizes-after-changes|array, hash-table, string, tree, depthfirst-search|
3332|Maximum Points Tourist Can Earn|Medium|maximum-points-tourist-can-earn|array, dynamic-programming, matrix|
3333|Find the Original Typed String II|Hard|find-the-original-typed-string-ii|string, dynamic-programming, prefix-sum|
3334|Find the Maximum Factor Score of Array|Medium|find-the-maximum-factor-score-of-array|array, math, number-theory|
3335|Total Characters in String After Transformations I|Medium|total-characters-in-string-after-transformations-i|hash-table, math, string, dynamic-programming, counting|
3336|Find the Number of Subsequences With Equal GCD|Hard|find-the-number-of-subsequences-with-equal-gcd|array, math, dynamic-programming, number-theory|
3337|Total Characters in String After Transformations II|Hard|total-characters-in-string-after-transformations-ii|hash-table, math, string, dynamic-programming, counting|
3340|Check Balanced String|Easy|check-balanced-string|string|
3341|Find Minimum Time to Reach Last Room I|Medium|find-minimum-time-to-reach-last-room-i|array, graph, heap-priority-queue, matrix, shortest-path|
3342|Find Minimum Time to Reach Last Room II|Medium|find-minimum-time-to-reach-last-room-ii|array, graph, heap-priority-queue, matrix, shortest-path|
3343|Count Number of Balanced Permutations|Hard|count-number-of-balanced-permutations|math, string, dynamic-programming, combinatorics|
3345|Smallest Divisible Digit Product I|Easy|smallest-divisible-digit-product-i|math, enumeration|
3346|Maximum Frequency of an Element After Performing Operations I|Medium|maximum-frequency-of-an-element-after-performing-operations-i|array, binary-search, sliding-window, sorting, prefix-sum|
3347|Maximum Frequency of an Element After Performing Operations II|Hard|maximum-frequency-of-an-element-after-performing-operations-ii|array, binary-search, sliding-window, sorting, prefix-sum|
3348|Smallest Divisible Digit Product II|Hard|smallest-divisible-digit-product-ii|math, string, backtracking, greedy, number-theory|
3349|Adjacent Increasing Subarrays Detection I|Easy|adjacent-increasing-subarrays-detection-i|array|
3350|Adjacent Increasing Subarrays Detection II|Medium|adjacent-increasing-subarrays-detection-ii|array, binary-search|
3351|Sum of Good Subsequences|Hard|sum-of-good-subsequences|array, hash-table, dynamic-programming|
3352|Count K-Reducible Numbers Less Than N|Hard|count-k-reducible-numbers-less-than-n|math, string, dynamic-programming, combinatorics|
3354|Make Array Elements Equal to Zero|Easy|make-array-elements-equal-to-zero|array, simulation, prefix-sum|
3355|Zero Array Transformation I|Medium|zero-array-transformation-i|array, prefix-sum|
3356|Zero Array Transformation II|Medium|zero-array-transformation-ii|array, binary-search, prefix-sum|
3357|Minimize the Maximum Adjacent Element Difference|Hard|minimize-the-maximum-adjacent-element-difference|array, binary-search, greedy|
3360|Stone Removal Game|Easy|stone-removal-game|math, simulation|
3361|Shift Distance Between Two Strings|Medium|shift-distance-between-two-strings|array, string, prefix-sum|
3362|Zero Array Transformation III|Medium|zero-array-transformation-iii|array, greedy, sorting, heap-priority-queue, prefix-sum|
3363|Find the Maximum Number of Fruits Collected|Hard|find-the-maximum-number-of-fruits-collected|array, dynamic-programming, matrix|
3364|Minimum Positive Sum Subarray |Easy|minimum-positive-sum-subarray|array, sliding-window, prefix-sum|
3365|Rearrange K Substrings to Form Target String|Medium|rearrange-k-substrings-to-form-target-string|hash-table, string, sorting|
3366|Minimum Array Sum|Medium|minimum-array-sum|array, dynamic-programming|
3367|Maximize Sum of Weights after Edge Removals|Hard|maximize-sum-of-weights-after-edge-removals|dynamic-programming, tree, depthfirst-search|
3370|Smallest Number With All Set Bits|Easy|smallest-number-with-all-set-bits|math, bit-manipulation|
3371|Identify the Largest Outlier in an Array|Medium|identify-the-largest-outlier-in-an-array|array, hash-table, counting, enumeration|
3372|Maximize the Number of Target Nodes After Connecting Trees I|Medium|maximize-the-number-of-target-nodes-after-connecting-trees-i|tree, depthfirst-search, breadthfirst-search|
3373|Maximize the Number of Target Nodes After Connecting Trees II|Hard|maximize-the-number-of-target-nodes-after-connecting-trees-ii|tree, depthfirst-search, breadthfirst-search|
3374|First Letter Capitalization II|Hard|first-letter-capitalization-ii|database|
3375|Minimum Operations to Make Array Values Equal to K|Easy|minimum-operations-to-make-array-values-equal-to-k|array, hash-table|
3376|Minimum Time to Break Locks I|Medium|minimum-time-to-break-locks-i|array, dynamic-programming, backtracking, bit-manipulation, depthfirst-search, bitmask|
3377|Digit Operations to Make Two Integers Equal|Medium|digit-operations-to-make-two-integers-equal|math, graph, heap-priority-queue, number-theory, shortest-path|
3378|Count Connected Components in LCM Graph|Hard|count-connected-components-in-lcm-graph|array, hash-table, math, union-find, number-theory|
3379|Transformed Array|Easy|transformed-array|array, simulation|
3380|Maximum Area Rectangle With Point Constraints I|Medium|maximum-area-rectangle-with-point-constraints-i|array, math, binary-indexed-tree, segment-tree, geometry, sorting, enumeration|
3381|Maximum Subarray Sum With Length Divisible by K|Medium|maximum-subarray-sum-with-length-divisible-by-k|array, hash-table, prefix-sum|
3382|Maximum Area Rectangle With Point Constraints II|Hard|maximum-area-rectangle-with-point-constraints-ii|array, math, binary-indexed-tree, segment-tree, geometry, sorting|
3386|Button with Longest Push Time|Easy|button-with-longest-push-time|array|
3387|Maximize Amount After Two Days of Conversions|Medium|maximize-amount-after-two-days-of-conversions|array, string, depthfirst-search, breadthfirst-search, graph|
3388|Count Beautiful Splits in an Array|Medium|count-beautiful-splits-in-an-array|array, dynamic-programming|
3389|Minimum Operations to Make Character Frequencies Equal|Hard|minimum-operations-to-make-character-frequencies-equal|hash-table, string, dynamic-programming, counting, enumeration|
3392|Count Subarrays of Length Three With a Condition|Easy|count-subarrays-of-length-three-with-a-condition|array|
3393|Count Paths With the Given XOR Value|Medium|count-paths-with-the-given-xor-value|array, dynamic-programming, bit-manipulation, matrix|
3394|Check if Grid can be Cut into Sections|Medium|check-if-grid-can-be-cut-into-sections|array, sorting|
3395|Subsequences with a Unique Middle Mode I|Hard|subsequences-with-a-unique-middle-mode-i|array, hash-table, math, combinatorics|
3396|Minimum Number of Operations to Make Elements in Array Distinct|Easy|minimum-number-of-operations-to-make-elements-in-array-distinct|array, hash-table|
3397|Maximum Number of Distinct Elements After Operations|Medium|maximum-number-of-distinct-elements-after-operations|array, greedy, sorting|
3398|Smallest Substring With Identical Characters I|Hard|smallest-substring-with-identical-characters-i|array, binary-search, enumeration|
3399|Smallest Substring With Identical Characters II|Hard|smallest-substring-with-identical-characters-ii|string, binary-search|
3402|Minimum Operations to Make Columns Strictly Increasing|Easy|minimum-operations-to-make-columns-strictly-increasing|array, greedy, matrix|
3403|Find the Lexicographically Largest String From the Box I|Medium|find-the-lexicographically-largest-string-from-the-box-i|two-pointers, string, enumeration|
3404|Count Special Subsequences|Medium|count-special-subsequences|array, hash-table, math, enumeration|
3405|Count the Number of Arrays with K Matching Adjacent Elements|Hard|count-the-number-of-arrays-with-k-matching-adjacent-elements|math, combinatorics|
3407|Substring Matching Pattern|Easy|substring-matching-pattern|string, string-matching|
3408|Design Task Manager|Medium|design-task-manager|hash-table, design, heap-priority-queue, ordered-set|
3409|Longest Subsequence With Decreasing Adjacent Difference|Medium|longest-subsequence-with-decreasing-adjacent-difference|array, dynamic-programming|
3410|Maximize Subarray Sum After Removing All Occurrences of One Element|Hard|maximize-subarray-sum-after-removing-all-occurrences-of-one-element|array, dynamic-programming, segment-tree|
3411|Maximum Subarray With Equal Products|Easy|maximum-subarray-with-equal-products|array, math, sliding-window, enumeration, number-theory|
3412|Find Mirror Score of a String|Medium|find-mirror-score-of-a-string|hash-table, string, stack, simulation|
3413|Maximum Coins From K Consecutive Bags|Medium|maximum-coins-from-k-consecutive-bags|array, binary-search, greedy, sliding-window, sorting, prefix-sum|
3414|Maximum Score of Non-overlapping Intervals|Hard|maximum-score-of-non-overlapping-intervals|array, binary-search, dynamic-programming, sorting|
3417|Zigzag Grid Traversal With Skip|Easy|zigzag-grid-traversal-with-skip|array, matrix, simulation|
3418|Maximum Amount of Money Robot Can Earn|Medium|maximum-amount-of-money-robot-can-earn|array, dynamic-programming, matrix|
3419|Minimize the Maximum Edge Weight of Graph|Medium|minimize-the-maximum-edge-weight-of-graph|binary-search, depthfirst-search, breadthfirst-search, graph, shortest-path|
3420|Count Non-Decreasing Subarrays After K Operations|Hard|count-non-decreasing-subarrays-after-k-operations|array, stack, segment-tree, queue, sliding-window, monotonic-stack, monotonic-queue|
3421|Find Students Who Improved|Medium|find-students-who-improved|database|
3423|Maximum Difference Between Adjacent Elements in a Circular Array|Easy|maximum-difference-between-adjacent-elements-in-a-circular-array|array|
3424|Minimum Cost to Make Arrays Identical|Medium|minimum-cost-to-make-arrays-identical|array, greedy, sorting|
3425|Longest Special Path|Hard|longest-special-path|array, hash-table, tree, depthfirst-search, prefix-sum|
3426|Manhattan Distances of All Arrangements of Pieces|Hard|manhattan-distances-of-all-arrangements-of-pieces|math, combinatorics|
3427|Sum of Variable Length Subarrays|Easy|sum-of-variable-length-subarrays|array, prefix-sum|
3428|Maximum and Minimum Sums of at Most Size K Subsequences|Medium|maximum-and-minimum-sums-of-at-most-size-k-subsequences|array, math, dynamic-programming, sorting, combinatorics|
3429|Paint House IV|Medium|paint-house-iv|array, dynamic-programming|
3430|Maximum and Minimum Sums of at Most Size K Subarrays|Hard|maximum-and-minimum-sums-of-at-most-size-k-subarrays|array, math, stack, monotonic-stack|
3432|Count Partitions with Even Sum Difference|Easy|count-partitions-with-even-sum-difference|array, math, prefix-sum|
3433|Count Mentions Per User|Medium|count-mentions-per-user|array, math, sorting, simulation|
3434|Maximum Frequency After Subarray Operation|Medium|maximum-frequency-after-subarray-operation|array, hash-table, dynamic-programming, greedy, enumeration, prefix-sum|
3435|Frequencies of Shortest Supersequences|Hard|frequencies-of-shortest-supersequences|array, string, bit-manipulation, graph, topological-sort, enumeration|
3436|Find Valid Emails|Easy|find-valid-emails|database|
3438|Find Valid Pair of Adjacent Digits in String|Easy|find-valid-pair-of-adjacent-digits-in-string|hash-table, string, counting|
3439|Reschedule Meetings for Maximum Free Time I|Medium|reschedule-meetings-for-maximum-free-time-i|array, greedy, sliding-window|
3440|Reschedule Meetings for Maximum Free Time II|Medium|reschedule-meetings-for-maximum-free-time-ii|array, greedy, enumeration|
3441|Minimum Cost Good Caption|Hard|minimum-cost-good-caption|string, dynamic-programming|
3442|Maximum Difference Between Even and Odd Frequency I|Easy|maximum-difference-between-even-and-odd-frequency-i|hash-table, string, counting|
3443|Maximum Manhattan Distance After K Changes|Medium|maximum-manhattan-distance-after-k-changes|hash-table, math, string, counting|
3444|Minimum Increments for Target Multiples in an Array|Hard|minimum-increments-for-target-multiples-in-an-array|array, math, dynamic-programming, bit-manipulation, number-theory, bitmask|
3445|Maximum Difference Between Even and Odd Frequency II|Hard|maximum-difference-between-even-and-odd-frequency-ii|string, sliding-window, enumeration, prefix-sum|
3446|Sort Matrix by Diagonals|Medium|sort-matrix-by-diagonals|array, sorting, matrix|
3447|Assign Elements to Groups with Constraints|Medium|assign-elements-to-groups-with-constraints|array, hash-table|
3448|Count Substrings Divisible By Last Digit|Hard|count-substrings-divisible-by-last-digit|string, dynamic-programming|
3449|Maximize the Minimum Game Score|Hard|maximize-the-minimum-game-score|array, binary-search, greedy|
3451|Find Invalid IP Addresses|Hard|find-invalid-ip-addresses|database|
3452|Sum of Good Numbers|Easy|sum-of-good-numbers|array|
3453|Separate Squares I|Medium|separate-squares-i|array, binary-search|
3454|Separate Squares II|Hard|separate-squares-ii|array, binary-search, segment-tree, line-sweep|
3455|Shortest Matching Substring|Hard|shortest-matching-substring|two-pointers, string, binary-search, string-matching|
3456|Find Special Substring of Length K|Easy|find-special-substring-of-length-k|string|
3457|Eat Pizzas!|Medium|eat-pizzas|array, greedy, sorting|
3458|Select K Disjoint Special Substrings|Medium|select-k-disjoint-special-substrings|hash-table, string, dynamic-programming, greedy, sorting|
3459|Length of Longest V-Shaped Diagonal Segment|Hard|length-of-longest-v-shaped-diagonal-segment|array, dynamic-programming, memoization, matrix|
3461|Check If Digits Are Equal in String After Operations I|Easy|check-if-digits-are-equal-in-string-after-operations-i|math, string, simulation, combinatorics, number-theory|
3462|Maximum Sum With at Most K Elements|Medium|maximum-sum-with-at-most-k-elements|array, greedy, sorting, heap-priority-queue, matrix|
3463|Check If Digits Are Equal in String After Operations II|Hard|check-if-digits-are-equal-in-string-after-operations-ii|math, string, combinatorics, number-theory|
3464|Maximize the Distance Between Points on a Square|Hard|maximize-the-distance-between-points-on-a-square|array, binary-search, greedy|
3465|Find Products with Valid Serial Numbers|Easy|find-products-with-valid-serial-numbers|database|
3467|Transform Array by Parity|Easy|transform-array-by-parity|array, sorting, counting|
3468|Find the Number of Copy Arrays|Medium|find-the-number-of-copy-arrays|array, math|
3469|Find Minimum Cost to Remove Array Elements|Medium|find-minimum-cost-to-remove-array-elements|array, dynamic-programming|
3470|Permutations IV|Hard|permutations-iv|array, math, combinatorics, enumeration|
3471|Find the Largest Almost Missing Integer|Easy|find-the-largest-almost-missing-integer|array, hash-table|
3472|Longest Palindromic Subsequence After at Most K Operations|Medium|longest-palindromic-subsequence-after-at-most-k-operations|string, dynamic-programming|
3473|Sum of K Subarrays With Length at Least M|Medium|sum-of-k-subarrays-with-length-at-least-m|array, dynamic-programming, prefix-sum|
3474|Lexicographically Smallest Generated String|Hard|lexicographically-smallest-generated-string|string, greedy, string-matching|
3475|DNA Pattern Recognition |Medium|dna-pattern-recognition|database|
3477|Fruits Into Baskets II|Easy|fruits-into-baskets-ii|array, binary-search, segment-tree, simulation, ordered-set|
3478|Choose K Elements With Maximum Sum|Medium|choose-k-elements-with-maximum-sum|array, sorting, heap-priority-queue|
3479|Fruits Into Baskets III|Medium|fruits-into-baskets-iii|array, binary-search, segment-tree, ordered-set|
3480|Maximize Subarrays After Removing One Conflicting Pair|Hard|maximize-subarrays-after-removing-one-conflicting-pair|array, segment-tree, enumeration, prefix-sum|
3482|Analyze Organization Hierarchy|Hard|analyze-organization-hierarchy|database|
3483|Unique 3-Digit Even Numbers|Easy|unique-3-digit-even-numbers|array, hash-table, recursion, enumeration|
3484|Design Spreadsheet|Medium|design-spreadsheet|array, hash-table, string, design, matrix|
3485|Longest Common Prefix of K Strings After Removal|Hard|longest-common-prefix-of-k-strings-after-removal|array, string, trie|
3486|Longest Special Path II|Hard|longest-special-path-ii|array, hash-table, tree, depthfirst-search, prefix-sum|
3487|Maximum Unique Subarray Sum After Deletion|Easy|maximum-unique-subarray-sum-after-deletion|array, hash-table, greedy|
3488|Closest Equal Element Queries|Medium|closest-equal-element-queries|array, hash-table, binary-search|
3489|Zero Array Transformation IV|Medium|zero-array-transformation-iv|array, dynamic-programming|
3490|Count Beautiful Numbers|Hard|count-beautiful-numbers|dynamic-programming|
3492|Maximum Containers on a Ship|Easy|maximum-containers-on-a-ship|math|
3493|Properties Graph|Medium|properties-graph|array, hash-table, depthfirst-search, breadthfirst-search, union-find, graph|
3494|Find the Minimum Amount of Time to Brew Potions|Medium|find-the-minimum-amount-of-time-to-brew-potions|array, simulation, prefix-sum|
3495|Minimum Operations to Make Array Elements Zero|Hard|minimum-operations-to-make-array-elements-zero|array, math, bit-manipulation|
3497|Analyze Subscription Conversion |Medium|analyze-subscription-conversion|database|
3498|Reverse Degree of a String|Easy|reverse-degree-of-a-string|string, simulation|
3499|Maximize Active Section with Trade I|Medium|maximize-active-section-with-trade-i|string, enumeration|
3500|Minimum Cost to Divide Array Into Subarrays|Hard|minimum-cost-to-divide-array-into-subarrays|array, dynamic-programming, prefix-sum|
3501|Maximize Active Section with Trade II|Hard|maximize-active-section-with-trade-ii|array, string, binary-search, segment-tree|
3502|Minimum Cost to Reach Every Position|Easy|minimum-cost-to-reach-every-position|array|
3503|Longest Palindrome After Substring Concatenation I|Medium|longest-palindrome-after-substring-concatenation-i|two-pointers, string, dynamic-programming, enumeration|
3504|Longest Palindrome After Substring Concatenation II|Hard|longest-palindrome-after-substring-concatenation-ii|two-pointers, string, dynamic-programming|
3505|Minimum Operations to Make Elements Within K Subarrays Equal|Hard|minimum-operations-to-make-elements-within-k-subarrays-equal|array, hash-table, math, dynamic-programming, sliding-window, heap-priority-queue|
3507|Minimum Pair Removal to Sort Array I|Easy|minimum-pair-removal-to-sort-array-i|array, hash-table, linked-list, heap-priority-queue, simulation, doublylinked-list, ordered-set|
3508|Implement Router|Medium|implement-router|array, hash-table, binary-search, design, queue, ordered-set|
3509|Maximum Product of Subsequences With an Alternating Sum Equal to K|Hard|maximum-product-of-subsequences-with-an-alternating-sum-equal-to-k|array, hash-table, dynamic-programming|
3510|Minimum Pair Removal to Sort Array II|Hard|minimum-pair-removal-to-sort-array-ii|array, hash-table, linked-list, heap-priority-queue, simulation, doublylinked-list, ordered-set|
3512|Minimum Operations to Make Array Sum Divisible by K|Easy|minimum-operations-to-make-array-sum-divisible-by-k|array, math|
3513|Number of Unique XOR Triplets I|Medium|number-of-unique-xor-triplets-i|array, math, bit-manipulation|
3514|Number of Unique XOR Triplets II|Medium|number-of-unique-xor-triplets-ii|array, math, bit-manipulation, enumeration|
3515|Shortest Path in a Weighted Tree|Hard|shortest-path-in-a-weighted-tree|array, tree, depthfirst-search, binary-indexed-tree, segment-tree|
3516|Find Closest Person|Easy|find-closest-person|math|
3517|Smallest Palindromic Rearrangement I|Medium|smallest-palindromic-rearrangement-i|string, sorting, counting-sort|
3518|Smallest Palindromic Rearrangement II|Hard|smallest-palindromic-rearrangement-ii|hash-table, math, string, combinatorics, counting|
3519|Count Numbers with Non-Decreasing Digits |Hard|count-numbers-with-non-decreasing-digits|math, string, dynamic-programming|
3521|Find Product Recommendation Pairs|Medium|find-product-recommendation-pairs|database|
3522|Calculate Score After Performing Instructions|Medium|calculate-score-after-performing-instructions|array, hash-table, string, simulation|
3523|Make Array Non-decreasing|Medium|make-array-non-decreasing|array, stack, greedy, monotonic-stack|
3524|Find X Value of Array I|Medium|find-x-value-of-array-i|array, math, dynamic-programming|
3525|Find X Value of Array II|Hard|find-x-value-of-array-ii|array, math, segment-tree|
3527|Find the Most Common Response|Medium|find-the-most-common-response|array, hash-table, string, counting|
3528|Unit Conversion I|Medium|unit-conversion-i|depthfirst-search, breadthfirst-search, graph|
3529|Count Cells in Overlapping Horizontal and Vertical Substrings|Medium|count-cells-in-overlapping-horizontal-and-vertical-substrings|array, string, rolling-hash, string-matching, matrix, hash-function|
3530|Maximum Profit from Valid Topological Order in DAG|Hard|maximum-profit-from-valid-topological-order-in-dag|array, dynamic-programming, bit-manipulation, graph, topological-sort, bitmask|
3531|Count Covered Buildings|Medium|count-covered-buildings|array, hash-table, sorting|
3532|Path Existence Queries in a Graph I|Medium|path-existence-queries-in-a-graph-i|array, hash-table, binary-search, union-find, graph|
3533|Concatenated Divisibility|Hard|concatenated-divisibility|array, dynamic-programming, bit-manipulation, bitmask|
3534|Path Existence Queries in a Graph II|Hard|path-existence-queries-in-a-graph-ii|array, binary-search, greedy, graph, sorting|
3536|Maximum Product of Two Digits|Easy|maximum-product-of-two-digits|math, sorting|
3537|Fill a Special Grid|Medium|fill-a-special-grid|array, divide-and-conquer, matrix|
3538|Merge Operations for Minimum Travel Time|Hard|merge-operations-for-minimum-travel-time|array, dynamic-programming, prefix-sum|
3539|Find Sum of Array Product of Magical Sequences|Hard|find-sum-of-array-product-of-magical-sequences|array, math, dynamic-programming, bit-manipulation, combinatorics, bitmask|
3541|Find Most Frequent Vowel and Consonant|Easy|find-most-frequent-vowel-and-consonant|hash-table, string, counting|
3542|Minimum Operations to Convert All Elements to Zero|Medium|minimum-operations-to-convert-all-elements-to-zero|array, hash-table, stack, greedy, monotonic-stack|
3543|Maximum Weighted K-Edge Path|Medium|maximum-weighted-k-edge-path|hash-table, dynamic-programming, graph|
3544|Subtree Inversion Sum|Hard|subtree-inversion-sum|array, dynamic-programming, tree, depthfirst-search|
3545|Minimum Deletions for At Most K Distinct Characters|Easy|minimum-deletions-for-at-most-k-distinct-characters|hash-table, string, greedy, sorting, counting|
3546|Equal Sum Grid Partition I|Medium|equal-sum-grid-partition-i|array, matrix, enumeration, prefix-sum|
3547|Maximum Sum of Edge Values in a Graph|Hard|maximum-sum-of-edge-values-in-a-graph|greedy, depthfirst-search, graph, sorting|
3548|Equal Sum Grid Partition II|Hard|equal-sum-grid-partition-ii|array, hash-table, matrix, enumeration, prefix-sum|
3550|Smallest Index With Digit Sum Equal to Index|Easy|smallest-index-with-digit-sum-equal-to-index|array, math|
3551|Minimum Swaps to Sort by Digit Sum|Medium|minimum-swaps-to-sort-by-digit-sum|array, hash-table, sorting|
3552|Grid Teleportation Traversal|Medium|grid-teleportation-traversal|array, hash-table, breadthfirst-search, matrix|
3553|Minimum Weighted Subgraph With the Required Paths II|Hard|minimum-weighted-subgraph-with-the-required-paths-ii|array, tree, depthfirst-search|
3554|Find Category Recommendation Pairs|Hard|find-category-recommendation-pairs|database|
3556|Sum of Largest Prime Substrings|Medium|sum-of-largest-prime-substrings|hash-table, math, string, sorting, number-theory|
3557|Find Maximum Number of Non Intersecting Substrings|Medium|find-maximum-number-of-non-intersecting-substrings|hash-table, string, dynamic-programming, greedy|
3558|Number of Ways to Assign Edge Weights I|Medium|number-of-ways-to-assign-edge-weights-i|math, tree, depthfirst-search|
3559|Number of Ways to Assign Edge Weights II|Hard|number-of-ways-to-assign-edge-weights-ii|array, math, dynamic-programming, tree, depthfirst-search|
3560|Find Minimum Log Transportation Cost|Easy|find-minimum-log-transportation-cost|math|
3561|Resulting String After Adjacent Removals|Medium|resulting-string-after-adjacent-removals|string, stack, simulation|
3562|Maximum Profit from Trading Stocks with Discounts|Hard|maximum-profit-from-trading-stocks-with-discounts|array, dynamic-programming, tree, depthfirst-search|
3563|Lexicographically Smallest String After Adjacent Removals|Hard|lexicographically-smallest-string-after-adjacent-removals|string, dynamic-programming|
3564|Seasonal Sales Analysis|Medium|seasonal-sales-analysis|database|
3566|Partition Array into Two Equal Product Subsets|Medium|partition-array-into-two-equal-product-subsets|array, bit-manipulation, recursion, enumeration|
3567|Minimum Absolute Difference in Sliding Submatrix|Medium|minimum-absolute-difference-in-sliding-submatrix|array, sorting, matrix|
3568|Minimum Moves to Clean the Classroom|Medium|minimum-moves-to-clean-the-classroom|array, hash-table, bit-manipulation, breadthfirst-search, matrix|
3569|Maximize Count of Distinct Primes After Split|Hard|maximize-count-of-distinct-primes-after-split|array, math, segment-tree, number-theory|
3570|Find Books with No Available Copies|Easy|find-books-with-no-available-copies|database|
3572|Maximize Y‑Sum by Picking a Triplet of Distinct X‑Values|Medium|maximize-ysum-by-picking-a-triplet-of-distinct-xvalues|array, hash-table, greedy, sorting, heap-priority-queue|
3573|Best Time to Buy and Sell Stock V|Medium|best-time-to-buy-and-sell-stock-v|array, dynamic-programming|
3574|Maximize Subarray GCD Score|Hard|maximize-subarray-gcd-score|array, math, enumeration, number-theory|
3575|Maximum Good Subtree Score|Hard|maximum-good-subtree-score|array, dynamic-programming, bit-manipulation, tree, depthfirst-search, bitmask|
3576|Transform Array to All Equal Elements|Medium|transform-array-to-all-equal-elements|array, greedy|
3577|Count the Number of Computer Unlocking Permutations|Medium|count-the-number-of-computer-unlocking-permutations|array, math, brainteaser, combinatorics|
3578|Count Partitions With Max-Min Difference at Most K|Medium|count-partitions-with-max-min-difference-at-most-k|array, dynamic-programming, queue, sliding-window, prefix-sum, monotonic-queue|
3579|Minimum Steps to Convert String with Operations|Hard|minimum-steps-to-convert-string-with-operations|string, dynamic-programming, greedy|
3580|Find Consistently Improving Employees|Medium|find-consistently-improving-employees|database|
3582|Generate Tag for Video Caption|Easy|generate-tag-for-video-caption|string, simulation|
3583|Count Special Triplets|Medium|count-special-triplets|array, hash-table, counting|
3584|Maximum Product of First and Last Elements of a Subsequence|Medium|maximum-product-of-first-and-last-elements-of-a-subsequence|array, two-pointers|
3585|Find Weighted Median Node in Tree|Hard|find-weighted-median-node-in-tree|array, binary-search, dynamic-programming, tree, depthfirst-search|
3586|Find COVID Recovery Patients|Medium|find-covid-recovery-patients|database|
3587|Minimum Adjacent Swaps to Alternate Parity|Medium|minimum-adjacent-swaps-to-alternate-parity|array, greedy|
3588|Find Maximum Area of a Triangle|Medium|find-maximum-area-of-a-triangle|array, hash-table, math, greedy, geometry, enumeration|
3589|Count Prime-Gap Balanced Subarrays|Medium|count-prime-gap-balanced-subarrays|array, math, queue, sliding-window, number-theory, monotonic-queue|
3590|Kth Smallest Path XOR Sum|Hard|kth-smallest-path-xor-sum|array, tree, depthfirst-search, ordered-set|
3591|Check if Any Element Has Prime Frequency|Easy|check-if-any-element-has-prime-frequency|array, hash-table, math, counting, number-theory|
3592|Inverse Coin Change|Medium|inverse-coin-change|array, dynamic-programming|
3593|Minimum Increments to Equalize Leaf Paths|Medium|minimum-increments-to-equalize-leaf-paths|array, dynamic-programming, tree, depthfirst-search|
3594|Minimum Time to Transport All Individuals|Hard|minimum-time-to-transport-all-individuals|array, dynamic-programming, bit-manipulation, graph, heap-priority-queue, shortest-path, bitmask|
3597|Partition String |Medium|partition-string|hash-table, string, trie, simulation|
3598|Longest Common Prefix Between Adjacent Strings After Removals|Medium|longest-common-prefix-between-adjacent-strings-after-removals|array, string|
3599|Partition Array to Minimize XOR|Medium|partition-array-to-minimize-xor|array, dynamic-programming, bit-manipulation, prefix-sum|
3600|Maximize Spanning Tree Stability with Upgrades|Hard|maximize-spanning-tree-stability-with-upgrades|binary-search, greedy, union-find, graph, minimum-spanning-tree|
3601|Find Drivers with Improved Fuel Efficiency|Medium|find-drivers-with-improved-fuel-efficiency|database|
3602|Hexadecimal and Hexatrigesimal Conversion|Easy|hexadecimal-and-hexatrigesimal-conversion|math, string|
3603|Minimum Cost Path with Alternating Directions II|Medium|minimum-cost-path-with-alternating-directions-ii|array, dynamic-programming, matrix|
3604|Minimum Time to Reach Destination in Directed Graph|Medium|minimum-time-to-reach-destination-in-directed-graph|graph, heap-priority-queue, shortest-path|
3605|Minimum Stability Factor of Array|Hard|minimum-stability-factor-of-array|array, math, binary-search, greedy, segment-tree, number-theory|
3606|Coupon Code Validator|Easy|coupon-code-validator|array, hash-table, string, sorting|
3607|Power Grid Maintenance|Medium|power-grid-maintenance|array, hash-table, depthfirst-search, breadthfirst-search, union-find, graph, heap-priority-queue, ordered-set|
3608|Minimum Time for K Connected Components|Medium|minimum-time-for-k-connected-components|binary-search, union-find, graph, sorting|
3609|Minimum Moves to Reach Target in Grid|Hard|minimum-moves-to-reach-target-in-grid|math|
3611|Find Overbooked Employees|Medium|find-overbooked-employees|database|
3612|Process String with Special Operations I|Medium|process-string-with-special-operations-i|string, simulation|
3613|Minimize Maximum Component Cost|Medium|minimize-maximum-component-cost|binary-search, sort, union-find, graph|
3614|Process String with Special Operations II|Hard|process-string-with-special-operations-ii|string, simulation|
3615|Longest Palindromic Path in Graph|Hard|longest-palindromic-path-in-graph|string, dynamic-programming, bit-manipulation, graph, bitmask|
3617|Find Students with Study Spiral Pattern|Hard|find-students-with-study-spiral-pattern||
3618|Split Array by Prime Indices|Medium|split-array-by-prime-indices|array, math, number-theory|
3619|Count Islands With Total Value Divisible by K|Medium|count-islands-with-total-value-divisible-by-k|array, depthfirst-search, breadthfirst-search, union-find, matrix|
3620|Network Recovery Pathways|Hard|network-recovery-pathways|array, binary-search, dynamic-programming, graph, topological-sort, heap-priority-queue, shortest-path|
3621|Number of Integers With Popcount-Depth Equal to K I|Hard|number-of-integers-with-popcount-depth-equal-to-k-i|math, dynamic-programming, combinatorics|
3622|Check Divisibility by Digit Sum and Product|Easy|check-divisibility-by-digit-sum-and-product|math|
3623|Count Number of Trapezoids I|Medium|count-number-of-trapezoids-i|array, hash-table, math, geometry|
3624|Number of Integers With Popcount-Depth Equal to K II|Hard|number-of-integers-with-popcount-depth-equal-to-k-ii|array, segment-tree|
3625|Count Number of Trapezoids II|Hard|count-number-of-trapezoids-ii|array, hash-table, math, geometry|
3626|Find Stores with Inventory Imbalance|Medium|find-stores-with-inventory-imbalance||
3627|Maximum Median Sum of Subsequences of Size 3|Medium|maximum-median-sum-of-subsequences-of-size-3||
3628|Maximum Number of Subsequences After One Inserting|Medium|maximum-number-of-subsequences-after-one-inserting||
3629|Minimum Jumps to Reach End via Prime Teleportation|Medium|minimum-jumps-to-reach-end-via-prime-teleportation||
3630|Partition Array for Maximum XOR and AND|Hard|partition-array-for-maximum-xor-and-and|array, math, greedy, enumeration|
3633|Earliest Finish Time for Land and Water Rides I|Easy|earliest-finish-time-for-land-and-water-rides-i||
3634|Minimum Removals to Balance Array|Medium|minimum-removals-to-balance-array||
3635|Earliest Finish Time for Land and Water Rides II|Medium|earliest-finish-time-for-land-and-water-rides-ii||
3636|Threshold Majority Queries|Hard|threshold-majority-queries||
3637|Trionic Array I|Easy|trionic-array-i||
3638|Maximum Balanced Shipments|Medium|maximum-balanced-shipments||
3639|Minimum Time to Activate String|Medium|minimum-time-to-activate-string||
3640|Trionic Array II|Hard|trionic-array-ii||
